x,y,z,yaw,velocity,change_flag
364.1302,1023.0791,-13.1707,-0.2413,0,0
364.2289,1023.0624,-13.2193,-0.2394,0.8365,0
364.3272,1023.0340,-13.2108,-0.2357,1.2384,0
364.4629,1023.0114,-13.2093,-0.2330,1.3606,0
364.5732,1022.9883,-13.2054,-0.2301,1.0940,0
364.7010,1022.9596,-13.1998,-0.2270,1.5181,0
364.8216,1022.9357,-13.1975,-0.2231,1.1575,0
364.9556,1022.9010,-13.1827,-0.2190,1.4418,0
365.0564,1022.8782,-13.1885,-0.2167,1.3256,0
365.1834,1022.8485,-13.1745,-0.2132,1.9559,0
365.3077,1022.8265,-13.1663,-0.2092,1.9762,0
365.4358,1022.8021,-13.1720,-0.2067,1.3833,0
365.5686,1022.7847,-13.1697,-0.2031,2.0518,0
365.7116,1022.7551,-13.1497,-0.2017,1.9370,0
365.8524,1022.7197,-13.1443,-0.2035,1.7608,0
365.9542,1022.7050,-13.1492,-0.2064,1.9190,0
366.0743,1022.6881,-13.1441,-0.2087,2.3682,0
366.1783,1022.6565,-13.1459,-0.2119,1.7749,0
366.2998,1022.6410,-13.1324,-0.2163,1.9125,0
366.4080,1022.6194,-13.1256,-0.2207,1.7533,0
366.5407,1022.5848,-13.0975,-0.2233,2.3643,0
366.6698,1022.5667,-13.1066,-0.2260,2.1154,0
366.7890,1022.5373,-13.1019,-0.2282,2.2215,0
366.9120,1022.5211,-13.1015,-0.2294,1.9608,0
367.0452,1022.4790,-13.0920,-0.2267,2.8266,0
367.1778,1022.4677,-13.0926,-0.2257,2.3727,0
367.3067,1022.4231,-13.0814,-0.2208,2.4516,0
367.4554,1022.3911,-13.0769,-0.2169,2.5313,0
367.6026,1022.3693,-13.0780,-0.2142,2.6250,0
367.7486,1022.3450,-13.0865,-0.2142,2.5735,0
367.9125,1022.3059,-13.0541,-0.2136,3.1209,0
368.0794,1022.2819,-13.0546,-0.2162,3.4007,0
368.2217,1022.2462,-13.0540,-0.2182,3.2123,0
368.3809,1022.2152,-13.0528,-0.2215,2.9780,0
368.5265,1022.1866,-13.0381,-0.2242,2.7393,0
368.6909,1022.1447,-13.0328,-0.2249,3.0452,0
368.7945,1022.1333,-13.0212,-0.2273,3.7724,0
368.9276,1022.0978,-13.0083,-0.2301,2.7071,0
369.0931,1022.0620,-13.0081,-0.2321,3.1460,0
369.2489,1022.0240,-13.0017,-0.2334,2.6639,0
369.4128,1021.9999,-12.9929,-0.2354,2.5939,0
369.5843,1021.9576,-12.9817,-0.2362,3.5090,0
369.7447,1021.9346,-12.9899,-0.2381,2.8780,0
369.8926,1021.8984,-12.9926,-0.2407,2.3011,0
370.0025,1021.8652,-12.9663,-0.2425,4.2441,0
370.1851,1021.8225,-12.9718,-0.2488,3.4904,0
370.3445,1021.7847,-12.9832,-0.2548,3.6919,0
370.4929,1021.7466,-12.9862,-0.2587,2.5986,0
370.6725,1021.7075,-12.9706,-0.2557,3.1088,0
370.8561,1021.6516,-12.9207,-0.2506,3.5372,0
371.0311,1021.6295,-12.9400,-0.2461,3.4540,0
371.1883,1021.5707,-12.9357,-0.2400,3.5216,0
371.2926,1021.5706,-12.9456,-0.2383,3.7728,0
371.4493,1021.5307,-12.9375,-0.2341,3.2560,0
371.6429,1021.4930,-12.9250,-0.2313,4.2065,0
371.8221,1021.4590,-12.9424,-0.2331,3.2173,0
372.0055,1021.4075,-12.9447,-0.2367,3.6859,0
372.1736,1021.3584,-12.9112,-0.2429,2.7810,0
372.2808,1021.3231,-12.8944,-0.2451,4.1034,0
372.4456,1021.3068,-12.9124,-0.2504,3.1023,0
372.6144,1021.2701,-12.9108,-0.2510,3.1329,0
372.7208,1021.2460,-12.8704,-0.2507,4.1836,0
372.8983,1021.2220,-12.8693,-0.2497,3.8713,0
373.0719,1021.1550,-12.8792,-0.2440,3.7341,0
373.2329,1021.1325,-12.8862,-0.2396,2.6655,0
373.3362,1021.1064,-12.8567,-0.2361,3.9818,0
373.5459,1021.0606,-12.8556,-0.2375,4.3894,0
373.7263,1021.0065,-12.8453,-0.2480,3.3541,0
373.8812,1020.9686,-12.8500,-0.2548,2.7839,0
374.0566,1020.9454,-12.8439,-0.2543,2.9315,0
374.2539,1020.8975,-12.8305,-0.2489,3.7872,0
374.4135,1020.8760,-12.8199,-0.2394,2.6815,0
374.5922,1020.8372,-12.8004,-0.2195,3.8571,0
374.7546,1020.8059,-12.8204,-0.1986,2.9087,0
374.9352,1020.7731,-12.7909,-0.1744,3.6325,0
375.0356,1020.7730,-12.8072,-0.1625,3.6569,0
375.1723,1020.7395,-12.7777,-0.1338,2.5965,0
375.3432,1020.7108,-12.7955,-0.1050,3.1480,0
375.4677,1020.7069,-12.7800,-0.0735,1.9739,0
375.5703,1020.6888,-12.7654,-0.0555,3.7848,0
375.7277,1020.6840,-12.7619,-0.0233,2.5112,0
375.8674,1020.6754,-12.7442,0.0098,2.5407,0
376.0236,1020.6721,-12.7109,0.0413,2.5769,0
376.1793,1020.6887,-12.7288,0.0730,2.9280,0
376.3565,1020.6869,-12.7308,0.1185,3.1472,0
376.5128,1020.7214,-12.7082,0.1486,2.4038,0
376.6405,1020.7247,-12.6920,0.1795,2.5075,0
376.7845,1020.7606,-12.6919,0.2100,2.5355,0
376.9341,1020.7847,-12.6684,0.2411,3.2312,0
377.0665,1020.8132,-12.6712,0.2724,3.0956,0
377.2013,1020.8445,-12.6743,0.3033,2.0902,0
377.3458,1020.8920,-12.6624,0.3355,2.9645,0
377.4966,1020.9355,-12.6316,0.3676,2.4698,0
377.6388,1020.9889,-12.6284,0.4003,2.4171,0
377.7823,1021.0480,-12.6093,0.4327,2.8956,0
377.9243,1021.1155,-12.6082,0.4648,3.2783,0
378.0581,1021.1907,-12.5957,0.4961,2.6138,0
378.1893,1021.2483,-12.5748,0.5294,3.0535,0
378.3323,1021.3332,-12.5751,0.5638,2.8587,0
378.4763,1021.4184,-12.5500,0.5983,3.3079,0
378.6021,1021.4930,-12.5518,0.6308,2.6585,0
378.7257,1021.5698,-12.5326,0.6663,3.2098,0
378.8631,1021.6791,-12.5197,0.7026,2.7240,0
378.9984,1021.7822,-12.5165,0.7389,3.0602,0
379.1103,1021.8813,-12.5231,0.7744,2.9078,0
379.2345,1022.0007,-12.5199,0.8108,3.4608,0
379.3503,1022.1102,-12.5123,0.8468,2.6124,0
379.4478,1022.2254,-12.5217,0.8837,2.8823,0
379.5506,1022.3494,-12.5146,0.9206,2.4452,0
379.6549,1022.4944,-12.5138,0.9576,3.6088,0
379.7391,1022.6182,-12.5048,0.9943,2.9678,0
379.8379,1022.7784,-12.5072,1.0307,3.5681,0
379.9200,1022.9144,-12.4937,1.0671,3.1477,0
379.9952,1023.0466,-12.4852,1.1023,2.3025,0
380.0796,1023.2092,-12.4794,1.1383,3.2963,0
380.1370,1023.3574,-12.4723,1.1721,3.0662,0
380.2071,1023.4919,-12.4633,1.2042,2.9231,0
380.2612,1023.6746,-12.4474,1.2301,3.8551,0
380.2946,1023.7791,-12.4311,1.2368,3.9920,0
380.3324,1023.8932,-12.4233,1.2427,1.9261,0
380.3822,1024.0093,-12.4246,1.2477,2.4407,0
380.3396,1023.8970,-12.4216,1.2614,-1.0162,0
380.3030,1023.7932,-12.4259,1.2748,-1.8697,0
380.2727,1023.6761,-12.4269,1.2930,-1.2686,0
380.2457,1023.5723,-12.4231,1.3074,-1.9399,0
380.2063,1023.4188,-12.4464,1.3349,-2.1643,0
380.1862,1023.2946,-12.4449,1.3562,-2.1154,0
380.1606,1023.1508,-12.4492,1.3793,-2.7370,0
380.1335,1023.0348,-12.4559,1.4050,-2.0386,0
380.1176,1022.8776,-12.4620,1.4329,-2.7930,0
380.1019,1022.7285,-12.4632,1.4611,-2.7603,0
380.0840,1022.5519,-12.4718,1.4918,-3.3526,0
380.0894,1022.3836,-12.4784,1.5246,-2.7832,0
380.0876,1022.2139,-12.4873,1.5592,-3.0346,0
380.0936,1022.0182,-12.4942,1.5955,-3.6457,0
380.0850,1021.8217,-12.4976,1.6341,-3.5689,0
380.1171,1021.6093,-12.4968,1.6735,-4.1755,0
380.1345,1021.4968,-12.5101,1.6946,-4.1281,0
380.1573,1021.3881,-12.4959,1.7159,-4.0244,0
380.1983,1021.2019,-12.5121,1.7596,-3.5675,0
380.2312,1021.1057,-12.5039,1.7826,-3.6670,0
380.2981,1020.9329,-12.5078,1.8282,-3.5533,0
380.3656,1020.7582,-12.5302,1.8758,-3.5645,0
380.3979,1020.6501,-12.5304,1.9002,-4.0710,0
380.4373,1020.5330,-12.5428,1.9253,-4.4596,0
380.4828,1020.4155,-12.5389,1.9507,-4.5393,0
380.5230,1020.2990,-12.5539,1.9755,-4.4697,0
380.5492,1020.1660,-12.5496,1.9989,-4.8812,0
380.6312,1020.0657,-12.5395,2.0206,-4.6774,0
380.6857,1019.9705,-12.5460,2.0437,-3.9548,0
380.7385,1019.8688,-12.5612,2.0677,-4.1595,0
380.7953,1019.7451,-12.5684,2.0917,-4.9104,0
380.8625,1019.5945,-12.5697,2.1147,-5.9354,0
380.9423,1019.4954,-12.5730,2.1321,-4.5810,0
381.0065,1019.4077,-12.5850,2.1396,-3.9378,0
381.0814,1019.3054,-12.5698,2.1385,-4.6050,0
381.1547,1019.1774,-12.5312,2.1324,-5.4948,0
381.2148,1019.0387,-12.5577,2.1307,-5.5197,0
381.2855,1018.9435,-12.5928,2.1313,-4.4476,0
381.3761,1018.8430,-12.5981,2.1294,-4.8727,0
381.4528,1018.7326,-12.5815,2.1260,-4.8852,0
381.5135,1018.6243,-12.5868,2.1216,-4.4799,0
381.5593,1018.5200,-12.5910,2.1181,-4.1065,0
381.6117,1018.4130,-12.6089,2.1154,-4.3333,0
381.6777,1018.3013,-12.5230,2.1142,-5.6063,0
381.7534,1018.2174,-12.5474,2.1064,-3.3078,0
381.6746,1018.3060,-12.5992,2.1133,0.9545,0
381.6115,1018.3992,-12.5968,2.1164,1.7823,0
381.5305,1018.5054,-12.6073,2.1189,1.4270,0
381.4728,1018.5982,-12.6038,2.1228,2.0779,0
381.4241,1018.7021,-12.6045,2.1288,1.9187,0
381.3600,1018.8087,-12.6117,2.1326,2.3852,0
381.2784,1018.9158,-12.5833,2.1379,2.6518,0
381.1986,1019.0372,-12.5789,2.1427,2.9158,0
381.1129,1019.1799,-12.5999,2.1471,2.8355,0
381.0193,1019.3105,-12.5856,2.1534,2.8923,0
380.9130,1019.4536,-12.5677,2.1642,3.6094,0
380.8542,1019.5446,-12.5747,2.1706,3.9045,0
380.7478,1019.6810,-12.5701,2.1861,3.1763,0
380.6291,1019.8493,-12.5693,2.2099,3.9004,0
380.5823,1019.9388,-12.5663,2.2219,3.6348,0
380.5142,1020.0273,-12.5556,2.2337,4.0451,0
380.3893,1020.1901,-12.5643,2.2582,3.8711,0
380.3153,1020.2831,-12.5621,2.2701,4.2714,0
380.2333,1020.3575,-12.5603,2.2820,3.9899,0
380.1028,1020.5341,-12.5550,2.3077,4.4881,0
380.0234,1020.6140,-12.5657,2.3193,4.0754,0
379.9456,1020.6959,-12.5805,2.3306,4.0970,0
379.8615,1020.7773,-12.5681,2.3426,4.2470,0
379.7722,1020.8766,-12.5741,2.3565,4.8157,0
379.6953,1020.9578,-12.5952,2.3713,4.1022,0
379.6162,1021.0270,-12.5794,2.3859,3.8258,0
379.4513,1021.1796,-12.5676,2.4152,4.9476,0
379.3695,1021.2596,-12.5663,2.4312,4.1144,0
379.2859,1021.3319,-12.5861,2.4462,4.0377,0
379.2027,1021.3903,-12.5734,2.4609,3.6936,0
379.1093,1021.4789,-12.5866,2.4774,4.6540,0
379.0113,1021.5433,-12.5852,2.4960,4.2219,0
378.8505,1021.6702,-12.5785,2.5338,3.9415,0
378.7446,1021.7263,-12.5991,2.5542,4.3757,0
378.6408,1021.8010,-12.5924,2.5744,4.6117,0
378.5364,1021.8681,-12.5911,2.5949,4.4643,0
378.4370,1021.9333,-12.5976,2.6159,4.2817,0
378.3300,1021.9797,-12.6088,2.6363,4.2127,0
378.2374,1022.0284,-12.6125,2.6560,3.7735,0
378.1324,1022.1028,-12.6216,2.6759,4.6504,0
378.0219,1022.1599,-12.6206,2.6959,4.4714,0
377.9231,1022.2130,-12.6378,2.7168,4.0799,0
377.8205,1022.2509,-12.6402,2.7376,3.9380,0
377.7217,1022.2706,-12.6388,2.7570,3.6261,0
377.6217,1022.3166,-12.6387,2.7772,3.9662,0
377.5214,1022.3791,-12.6425,2.7980,4.2550,0
377.3368,1022.4467,-12.6397,2.8374,3.6136,0
377.2303,1022.4792,-12.6414,2.8545,4.0154,0
377.1259,1022.5059,-12.6421,2.8680,3.8784,0
376.9940,1022.5215,-12.6499,2.8758,4.7896,0
376.8694,1022.5474,-12.6495,2.8806,4.5773,0
376.7529,1022.5647,-12.6580,2.8844,4.2462,0
376.6441,1022.6004,-12.6726,2.8875,4.1538,0
376.5314,1022.6211,-12.6703,2.8904,4.1275,0
376.4309,1022.6436,-12.6764,2.8944,3.7171,0
376.2433,1022.6872,-12.6816,2.9048,3.6189,0
376.1401,1022.7097,-12.6803,2.9093,3.8004,0
375.9679,1022.7373,-12.6783,2.9191,3.2540,0
375.8715,1022.7689,-12.6840,2.9243,3.6627,0
375.6904,1022.8004,-12.6764,2.9313,3.3888,0
375.5911,1022.8195,-12.6843,2.9346,3.6488,0
375.4134,1022.8431,-12.6828,2.9417,3.2628,0
375.3152,1022.8651,-12.6774,2.9446,3.6317,0
375.1325,1022.9079,-12.6794,2.9485,3.3327,0
375.0323,1022.9266,-12.6916,2.9503,3.7006,0
374.8387,1022.9564,-12.7001,2.9531,3.5808,0
374.6473,1022.9787,-12.6977,2.9581,3.6231,0
374.5486,1022.9982,-12.7148,2.9613,3.6803,0
374.3531,1023.0221,-12.7329,2.9678,3.7092,0
374.2443,1023.0409,-12.7194,2.9719,4.0036,0
374.1378,1023.0596,-12.7291,2.9760,3.8997,0
373.9384,1023.0837,-12.7400,2.9837,3.7322,0
373.8311,1023.1101,-12.7370,2.9879,3.9772,0
373.6209,1023.1350,-12.7569,2.9959,4.1757,0
373.5169,1023.1524,-12.7758,2.9997,3.8620,0
373.4097,1023.1700,-12.7726,3.0032,3.9070,0
373.2909,1023.1724,-12.7782,3.0017,4.2861,0
373.1680,1023.1795,-12.7831,2.9955,4.4351,0
373.0580,1023.1973,-12.7772,2.9879,4.0164,0
372.9364,1023.2089,-12.7912,2.9799,4.4254,0
372.8294,1023.2190,-12.7941,2.9725,3.8765,0
372.7072,1023.2419,-12.8033,2.9657,4.4820,0
372.5908,1023.2593,-12.8043,2.9578,4.2462,0
372.4738,1023.2808,-12.8090,2.9492,4.2901,0
372.3640,1023.3063,-12.8244,2.9434,4.0843,0
372.2508,1023.3248,-12.8199,2.9410,4.1340,0
372.1545,1023.3548,-12.8244,2.9396,3.6307,0
372.0468,1023.3812,-12.8300,2.9376,4.0008,0
371.9287,1023.3943,-12.8187,2.9359,4.2932,0
371.8088,1023.4207,-12.8375,2.9356,4.4718,0
371.6807,1023.4509,-12.8405,2.9364,4.7488,0
371.5587,1023.4717,-12.8501,2.9368,4.4661,0
371.4365,1023.4877,-12.8570,2.9362,4.4373,0
371.2953,1023.4957,-12.8497,2.9346,5.0937,0
371.1711,1023.5188,-12.8642,2.9333,4.5817,0
371.0305,1023.5476,-12.8564,2.9318,5.1835,0
370.9076,1023.5801,-12.8764,2.9301,4.6285,0
370.7833,1023.6081,-12.8700,2.9275,4.5871,0
370.6606,1023.6313,-12.8812,2.9249,4.5182,0
370.5345,1023.6548,-12.8781,2.9231,4.6184,0
370.4135,1023.6866,-12.8871,2.9215,4.5140,0
370.2803,1023.7104,-12.8751,2.9184,4.8893,0
370.1453,1023.7394,-12.8725,2.9125,4.9786,0
370.0235,1023.7664,-12.8829,2.9050,4.5140,0
369.9014,1023.7927,-12.8815,2.8981,4.4934,0
369.7633,1023.8290,-12.8874,2.8901,5.1480,0
369.6234,1023.8536,-12.8916,2.8804,5.1077,0
369.4845,1023.8823,-12.9085,2.8710,5.1498,0
369.3611,1023.9139,-12.9150,2.8620,4.5939,0
369.2367,1023.9360,-12.9179,2.8528,4.5525,0
369.1118,1023.9758,-12.9126,2.8442,4.7200,0
368.9756,1024.0288,-12.9290,2.8375,5.2981,0
368.8383,1024.0739,-12.9348,2.8316,5.2125,0
368.7082,1024.1023,-12.9409,2.8248,4.7938,0
368.5915,1024.1311,-12.9358,2.8185,4.3277,0
368.4957,1024.1653,-12.9505,2.8159,3.6982,0
368.3661,1024.1963,-12.9597,2.8164,4.8209,0
368.2495,1024.2313,-12.9650,2.8193,4.3850,0
368.1341,1024.2732,-12.9648,2.8238,4.4160,0
368.0077,1024.3170,-12.9627,2.8282,4.8122,0
367.8905,1024.3612,-12.9811,2.8333,4.5538,0
367.7612,1024.3971,-12.9746,2.8391,4.8366,0
367.6400,1024.4325,-12.9820,2.8461,4.5490,0
367.5145,1024.4803,-12.9883,2.8528,4.8397,0
367.3876,1024.5281,-12.9892,2.8605,4.8775,0
367.2596,1024.5629,-12.9975,2.8686,4.7794,0
367.1302,1024.5901,-12.9961,2.8749,4.7619,0
367.0065,1024.6138,-13.0042,2.8796,4.5430,0
366.8685,1024.6558,-13.0045,2.8847,5.1990,0
366.7354,1024.6750,-13.0160,2.8901,4.8636,0
366.6090,1024.7117,-13.0163,2.8946,4.7335,0
366.4857,1024.7404,-13.0183,2.8982,4.5570,0
366.3528,1024.7797,-13.0308,2.9013,5.0132,0
366.2114,1024.8101,-13.0323,2.9030,5.2011,0
366.0925,1024.8334,-13.0493,2.9045,4.4077,0
365.9599,1024.8575,-13.0473,2.9062,4.8502,0
365.8325,1024.8850,-13.0539,2.9091,4.6959,0
365.7050,1024.9210,-13.0633,2.9135,4.7895,0
365.5756,1024.9454,-13.0614,2.9170,4.7392,0
365.4587,1024.9689,-13.0763,2.9189,4.3311,0
365.3116,1024.9844,-13.0601,2.9182,5.3575,0
365.1751,1025.0256,-13.0761,2.9181,5.1590,0
365.0340,1025.0680,-13.0788,2.9177,5.3017,0
364.9113,1025.0844,-13.0793,2.9141,4.4613,0
364.7804,1025.1100,-13.0910,2.9068,4.8141,0
364.6323,1025.1288,-13.0828,2.8994,5.3881,0
364.5082,1025.1649,-13.0826,2.8929,4.6515,0
364.3936,1025.1958,-13.0978,2.8855,4.3101,0
364.2584,1025.2255,-13.0867,2.8764,5.0019,0
364.1407,1025.2644,-13.1079,2.8682,4.5295,0
364.0127,1025.2998,-13.1181,2.8616,4.7902,0
363.8932,1025.3307,-13.1250,2.8561,4.4469,0
363.7795,1025.3510,-13.1275,2.8525,4.1653,0
363.6781,1025.3771,-13.1208,2.8529,3.7731,0
363.5467,1025.4034,-13.1245,2.8564,4.8374,0
363.4239,1025.4396,-13.1200,2.8606,4.6130,0
363.3227,1025.4631,-13.1276,2.8644,3.7472,0
363.2032,1025.5024,-13.1227,2.8683,4.5348,0
363.0704,1025.5482,-13.1463,2.8735,5.1241,0
362.9479,1025.5936,-13.1569,2.8775,4.7190,0
362.8221,1025.6234,-13.1604,2.8799,4.6630,0
362.6984,1025.6515,-13.1615,2.8824,4.5655,0
362.5826,1025.6781,-13.1675,2.8857,4.2752,0
362.4566,1025.7087,-13.1765,2.8871,4.6774,0
362.3300,1025.7340,-13.1806,2.8869,4.6539,0
362.2072,1025.7460,-13.1806,2.8862,4.4428,0
362.0801,1025.7780,-13.1802,2.8863,4.7251,0
361.9629,1025.8135,-13.1896,2.8880,4.4256,0
361.8366,1025.8378,-13.1951,2.8903,4.6236,0
361.7178,1025.8678,-13.1930,2.8933,4.4168,0
361.6013,1025.8948,-13.2019,2.8972,4.2587,0
361.4745,1025.9229,-13.2068,2.9019,4.7318,0
361.3513,1025.9554,-13.2148,2.9056,4.5881,0
361.2376,1025.9753,-13.2123,2.9088,4.1609,0
361.1143,1026.0148,-13.2252,2.9119,4.6892,0
360.9923,1026.0427,-13.2214,2.9135,4.5061,0
360.8687,1026.0646,-13.2272,2.9114,4.5240,0
360.7489,1026.0833,-13.2337,2.9077,4.3756,0
360.6227,1026.1174,-13.2388,2.9069,4.7185,0
360.5195,1026.1371,-13.2448,2.9097,3.7955,0
360.3994,1026.1544,-13.2404,2.9129,4.3683,0
360.2837,1026.1801,-13.2509,2.9159,4.2747,0
360.1582,1026.2117,-13.2427,2.9159,4.6725,0
360.0393,1026.2286,-13.2513,2.9131,4.3257,0
359.9253,1026.2555,-13.2544,2.9081,4.2137,0
359.8014,1026.2802,-13.2523,2.9058,4.5518,0
359.6931,1026.3179,-13.2667,2.9082,4.1657,0
359.5844,1026.3447,-13.2714,2.9119,4.0419,0
359.4740,1026.3696,-13.2746,2.9152,4.0663,0
359.3622,1026.3904,-13.2872,2.9174,4.1234,0
359.2253,1026.4191,-13.2805,2.9192,5.0419,0
359.1076,1026.4462,-13.2799,2.9185,4.3502,0
358.9841,1026.4695,-13.2749,2.9150,4.5247,0
358.8605,1026.4940,-13.2864,2.9093,4.5479,0
358.7397,1026.5120,-13.2909,2.9020,4.4132,0
358.6220,1026.5365,-13.2976,2.8966,4.3234,0
358.5146,1026.5702,-13.3099,2.8940,4.0771,0
358.3886,1026.5956,-13.3008,2.8927,4.6378,0
358.2762,1026.6262,-13.3146,2.8905,4.2191,0
358.1682,1026.6456,-13.3114,2.8866,3.9592,0
358.0508,1026.6770,-13.3154,2.8812,4.3779,0
357.9315,1026.7122,-13.3187,2.8753,4.4859,0
357.8084,1026.7378,-13.3320,2.8708,4.5509,0
357.6953,1026.7628,-13.3323,2.8677,4.1680,0
357.5925,1026.7898,-13.3475,2.8684,3.8672,0
357.4850,1026.8156,-13.3406,2.8722,3.9897,0
357.3814,1026.8378,-13.3327,2.8763,3.8225,0
357.2707,1026.8768,-13.3462,2.8800,4.2466,0
357.1391,1026.9103,-13.3385,2.8833,4.8842,0
357.0150,1026.9423,-13.3568,2.8861,4.6708,0
356.8971,1026.9646,-13.3576,2.8871,4.3230,0
356.7745,1026.9917,-13.3576,2.8871,4.5190,0
356.6569,1027.0253,-13.3784,2.8882,4.4721,0
356.5360,1027.0590,-13.3835,2.8913,4.5209,0
356.4262,1027.0811,-13.3883,2.8946,4.0355,0
356.3210,1027.0958,-13.3940,2.8983,3.8314,0
356.1919,1027.1106,-13.3966,2.9023,4.6825,0
356.0608,1027.1438,-13.3981,2.9065,4.8668,0
355.9354,1027.1787,-13.4003,2.9098,4.6872,0
355.8109,1027.2100,-13.4074,2.9115,4.6219,0
355.6728,1027.2338,-13.3948,2.9083,5.0727,0
355.5526,1027.2659,-13.4125,2.9041,4.5153,0
355.4247,1027.3000,-13.4296,2.8998,4.8143,0
355.3050,1027.3326,-13.4213,2.8950,4.4818,0
355.1823,1027.3558,-13.4217,2.8891,4.4890,0
355.0620,1027.3718,-13.4164,2.8828,4.3704,0
354.9470,1027.4062,-13.4324,2.8771,4.3565,0
354.8235,1027.4437,-13.4402,2.8708,4.6566,0
354.6934,1027.4780,-13.4483,2.8636,4.8491,0
354.5653,1027.5095,-13.4446,2.8572,4.7605,0
354.4580,1027.5381,-13.4443,2.8519,3.9998,0
354.3479,1027.5664,-13.4512,2.8499,4.0930,0
354.2382,1027.6079,-13.4707,2.8488,4.2773,0
354.1148,1027.6328,-13.4577,2.8471,4.5528,0
353.9847,1027.6707,-13.4684,2.8456,4.8952,0
353.8598,1027.7119,-13.4727,2.8446,4.7341,0
353.7315,1027.7529,-13.4795,2.8432,4.8644,0
353.6128,1027.7871,-13.4890,2.8415,4.4614,0
353.4706,1027.8260,-13.4728,2.8397,5.3436,0
353.3565,1027.8553,-13.5149,2.8392,4.5085,0
353.2383,1027.8820,-13.4910,2.8393,4.4424,0
353.1116,1027.9286,-13.5212,2.8407,4.9829,0
353.0033,1027.9580,-13.5285,2.8428,4.0437,0
352.8659,1028.0084,-13.5303,2.8468,5.2704,0
352.7501,1028.0413,-13.5329,2.8513,4.3344,0
352.6230,1028.0757,-13.5412,2.8550,4.7482,0
352.4933,1028.0950,-13.5407,2.8589,4.7163,0
352.3794,1028.1344,-13.5410,2.8631,4.3470,0
352.2440,1028.1605,-13.5305,2.8667,4.9826,0
352.1310,1028.1995,-13.5509,2.8681,4.3581,0
351.9802,1028.2356,-13.5403,2.8635,5.5927,0
351.8433,1028.2661,-13.5618,2.8582,5.1031,0
351.7303,1028.3036,-13.5567,2.8520,4.2949,0
351.6017,1028.3387,-13.5568,2.8427,4.8007,0
351.4879,1028.3738,-13.5743,2.8311,4.3253,0
351.3608,1028.4117,-13.5692,2.8164,4.7693,0
351.2389,1028.4678,-13.5752,2.8040,4.8494,0
351.1214,1028.4957,-13.5704,2.7922,4.3505,0
351.0021,1028.5312,-13.5708,2.7793,4.4791,0
350.7750,1028.6204,-13.5720,2.7471,5.2889,0
350.6317,1028.6947,-13.5883,2.7316,5.8437,0
350.4362,1028.7510,-13.5946,2.7014,4.5532,0
350.3256,1028.8118,-13.5833,2.6861,4.5610,0
350.2192,1028.8759,-13.6080,2.6717,4.5550,0
350.1107,1028.9186,-13.6106,2.6567,4.2006,0
350.0061,1028.9655,-13.6077,2.6397,4.1250,0
349.8865,1029.0455,-13.6263,2.6205,5.2232,0
349.7871,1029.0890,-13.5921,2.6015,4.0946,0
349.6708,1029.1674,-13.6168,2.5846,5.1338,0
349.5682,1029.2280,-13.6317,2.5669,4.3320,0
349.3797,1029.3375,-13.6362,2.5312,4.3887,0
349.2772,1029.4121,-13.6334,2.5129,4.5594,0
349.1825,1029.4838,-13.6392,2.4932,4.2854,0
349.0789,1029.5557,-13.6335,2.4730,4.5486,0
348.9842,1029.6285,-13.6237,2.4537,4.3146,0
348.8921,1029.7227,-13.6355,2.4365,4.7639,0
348.7963,1029.7858,-13.6311,2.4208,4.1306,0
348.6237,1029.9233,-13.6332,2.3828,4.6939,0
348.5309,1030.0165,-13.6311,2.3641,4.7346,0
348.4443,1030.0995,-13.6354,2.3456,4.3288,0
348.3742,1030.1783,-13.6390,2.3259,3.8036,0
348.2866,1030.2463,-13.6226,2.3049,4.0297,0
348.2105,1030.3468,-13.6340,2.2823,4.5516,0
348.1225,1030.4458,-13.6316,2.2606,4.7728,0
348.0467,1030.5378,-13.6271,2.2391,4.2975,0
347.9117,1030.7018,-13.6392,2.1891,5.2134,0
347.8579,1030.7919,-13.6390,2.1633,3.7750,0
347.7910,1030.8888,-13.6244,2.1378,4.2651,0
347.6834,1031.0625,-13.6245,2.0887,3.9407,0
347.5803,1031.2635,-13.6225,2.0399,4.6109,0
347.4883,1031.4081,-13.6199,1.9943,3.0251,0
347.4353,1031.5052,-13.6150,1.9720,3.9900,0
347.3776,1031.6835,-13.6094,1.9285,3.2672,0
347.3049,1031.8370,-13.6124,1.8869,3.4459,0
347.2639,1032.0244,-13.6110,1.8464,3.6711,0
347.2115,1032.2047,-13.6214,1.8067,3.2574,0
347.1654,1032.3630,-13.6052,1.7684,3.4203,0
347.1270,1032.4996,-13.6269,1.7316,2.8349,0
347.0946,1032.6794,-13.6065,1.6957,3.6172,0
347.0775,1032.7794,-13.6308,1.6782,3.7581,0
347.0814,1032.9203,-13.5990,1.6410,3.0503,0
347.0871,1033.0911,-13.5792,1.6074,3.3293,0
347.0444,1033.2126,-13.6289,1.5740,1.6061,0
347.0530,1033.3198,-13.6033,1.5586,3.9812,0
347.0425,1033.4496,-13.6105,1.5270,2.3272,0
347.0526,1033.5925,-13.5880,1.4971,2.3758,0
347.0685,1033.7516,-13.5954,1.4689,2.9738,0
347.0686,1033.8671,-13.5966,1.4384,1.9239,0
347.0820,1034.0391,-13.5886,1.4079,2.6599,0
347.0997,1034.1890,-13.5660,1.3698,1.9308,0
347.1140,1034.3080,-13.5911,1.3445,2.1038,0
347.1306,1034.4355,-13.5835,1.3227,1.4332,0
347.1647,1034.5647,-13.5417,1.3196,1.6096,0
347.1482,1034.4550,-13.5537,1.2855,-1.3980,0
347.1123,1034.3389,-13.5615,1.2471,-1.1719,0
347.0602,1034.1947,-13.5572,1.2089,-2.1053,0
347.0189,1034.0598,-13.5640,1.1784,-2.5855,0
346.9596,1033.9645,-13.5978,1.1449,-2.1410,0
346.8917,1033.8124,-13.5722,1.1060,-3.1180,0
346.7995,1033.6926,-13.5817,1.0641,-2.6937,0
346.7070,1033.5416,-13.5746,1.0142,-3.1344,0
346.6023,1033.4117,-13.6160,0.9553,-3.4238,0
346.5135,1033.2648,-13.6066,0.8906,-3.3347,0
346.3296,1033.1350,-13.6456,0.8228,-5.2495,0
346.2706,1033.0428,-13.6537,0.7847,-3.9492,0
346.1683,1032.8856,-13.6571,0.7045,-3.3928,0
346.1311,1032.7870,-13.6547,0.6629,-3.8012,0
346.0127,1032.5559,-13.6986,0.6126,-9.4854,0
345.8813,1032.4470,-13.6747,0.5729,-6.2126,0
345.7980,1032.3730,-13.6869,0.5349,-4.0299,0
345.5967,1032.2758,-13.7171,0.4581,-4.5156,0
345.4027,1032.1630,-13.7332,0.3829,-4.6754,0
345.2874,1032.1416,-13.7507,0.3489,-4.2645,0
345.1039,1032.0909,-13.7629,0.2791,-3.3862,0
345.0158,1032.0399,-13.7462,0.2452,-3.7114,0
344.8151,1032.0250,-13.7862,0.1819,-3.7343,0
344.7098,1032.0178,-13.7795,0.1508,-3.8006,0
344.5410,1031.9591,-13.7539,0.0895,-3.3679,0
344.4239,1031.9720,-13.7896,0.0614,-4.4279,0
344.2691,1031.9597,-13.8027,0.0064,-3.1378,0
344.1539,1031.9507,-13.7888,-0.0201,-4.1930,0
344.0005,1031.9773,-13.7873,-0.0629,-3.3431,0
343.8679,1032.0165,-13.7826,-0.0819,-2.3009,0
343.7209,1032.0249,-13.7939,-0.0888,-2.1240,0
343.6094,1032.0416,-13.8090,-0.0909,-2.1719,0
343.7404,1032.0211,-13.7846,-0.0835,1.3176,0
343.8528,1032.0129,-13.7726,-0.0817,1.4237,0
343.9536,1032.0120,-13.7770,-0.0788,1.6671,0
344.1016,1032.0153,-13.7792,-0.0730,1.8917,0
344.2182,1032.0032,-13.7646,-0.0699,2.1606,0
344.3553,1032.0031,-13.7687,-0.0666,2.7288,0
344.4669,1032.0032,-13.7615,-0.0629,2.1360,0
344.6020,1031.9974,-13.7530,-0.0581,2.5170,0
344.7418,1031.9897,-13.7652,-0.0528,2.7834,0
344.8871,1031.9893,-13.7668,-0.0480,2.7103,0
345.0530,1031.9730,-13.7534,-0.0415,3.0706,0
345.2077,1031.9670,-13.7596,-0.0373,2.4945,0
345.3648,1031.9662,-13.7346,-0.0313,3.0981,0
345.5379,1031.9606,-13.7296,-0.0257,3.6157,0
345.6858,1031.9690,-13.7323,-0.0215,2.5743,0
345.8675,1031.9606,-13.7272,-0.0184,3.4815,0
346.0284,1031.9575,-13.7134,-0.0257,2.5950,0
346.2165,1031.9349,-13.6912,-0.0353,3.7501,0
346.3784,1031.9448,-13.7004,-0.0523,3.2476,0
346.5477,1031.9377,-13.6980,-0.0682,3.3248,0
346.7115,1031.9294,-13.6915,-0.0844,2.7578,0
346.8802,1031.9182,-13.6763,-0.0991,3.0655,0
347.0552,1031.9207,-13.6542,-0.1126,3.2548,0
347.2154,1031.8905,-13.6462,-0.1271,2.9887,0
347.3840,1031.8721,-13.6314,-0.1390,3.4292,0
347.5374,1031.8610,-13.6287,-0.1475,2.7064,0
347.7209,1031.8335,-13.6185,-0.1456,3.7291,0
347.8233,1031.8093,-13.6120,-0.1481,3.7979,0
347.9252,1031.7944,-13.6076,-0.1531,3.7087,0
348.0893,1031.7847,-13.6033,-0.1625,3.1023,0
348.2856,1031.7463,-13.6049,-0.1699,3.8530,0
348.3998,1031.7291,-13.5901,-0.1765,4.1921,0
348.5641,1031.7061,-13.5824,-0.1954,3.0349,0
348.7691,1031.6619,-13.5848,-0.2144,3.9675,0
348.9650,1031.6458,-13.5812,-0.2345,3.6985,0
349.1646,1031.5994,-13.5691,-0.2534,4.0231,0
349.2665,1031.5739,-13.5740,-0.2633,3.7856,0
349.4291,1031.5576,-13.5643,-0.2763,2.7401,0
349.6309,1031.5150,-13.5570,-0.2725,3.9457,0
349.7352,1031.4818,-13.5571,-0.2693,3.9392,0
349.8453,1031.4427,-13.5518,-0.2663,4.2117,0
349.9516,1031.4244,-13.5483,-0.2634,3.8847,0
350.1514,1031.3683,-13.5380,-0.2576,4.0472,0
350.2503,1031.3353,-13.5247,-0.2546,3.7772,0
350.3541,1031.3092,-13.5204,-0.2524,3.8574,0
350.4646,1031.2852,-13.5039,-0.2512,4.1121,0
350.6671,1031.2457,-13.5053,-0.2447,4.0805,0
350.7785,1031.2100,-13.5103,-0.2402,4.2182,0
350.8894,1031.1859,-13.5078,-0.2370,4.0831,0
351.0956,1031.1575,-13.5091,-0.2322,3.9149,0
351.2072,1031.1287,-13.5001,-0.2295,4.1716,0
351.3116,1031.0968,-13.4929,-0.2261,3.9351,0
351.4204,1031.0624,-13.4826,-0.2240,4.1206,0
351.5310,1031.0382,-13.4660,-0.2224,4.1240,0
351.6396,1031.0282,-13.4643,-0.2210,3.9193,0
351.7524,1031.0026,-13.4625,-0.2197,4.1710,0
351.9555,1030.9642,-13.4429,-0.2176,4.1110,0
352.0689,1030.9351,-13.4394,-0.2160,4.2228,0
352.1817,1030.9122,-13.4505,-0.2156,4.1595,0
352.2951,1030.8984,-13.4337,-0.2154,4.1576,0
352.5041,1030.8632,-13.4295,-0.2132,4.1473,0
352.6154,1030.8401,-13.4402,-0.2138,4.1157,0
352.7280,1030.8114,-13.4248,-0.2153,4.2159,0
352.9358,1030.7664,-13.4185,-0.2171,4.4919,0
353.0530,1030.7498,-13.4015,-0.2178,4.3189,0
353.1576,1030.7277,-13.4098,-0.2180,3.8497,0
353.2843,1030.7041,-13.3963,-0.2184,4.6722,0
353.3928,1030.6825,-13.4003,-0.2190,3.9779,0
353.5001,1030.6583,-13.4024,-0.2202,3.9598,0
353.6039,1030.6431,-13.3939,-0.2207,3.7890,0
353.7076,1030.6172,-13.4000,-0.2202,3.8570,0
353.8318,1030.5945,-13.3917,-0.2196,4.5556,0
353.9344,1030.5701,-13.3897,-0.2197,3.7930,0
354.0491,1030.5448,-13.3726,-0.2195,4.2730,0
354.1643,1030.5205,-13.3764,-0.2188,4.2430,0
354.2925,1030.4995,-13.3641,-0.2184,4.6990,0
354.4099,1030.4731,-13.3643,-0.2184,4.3226,0
354.5301,1030.4594,-13.3698,-0.2186,4.3628,0
354.6438,1030.4388,-13.3572,-0.2182,4.1885,0
354.7526,1030.4097,-13.3565,-0.2169,4.0527,0
354.8661,1030.3859,-13.3409,-0.2161,4.2218,0
354.9796,1030.3636,-13.3500,-0.2157,4.1737,0
355.1024,1030.3423,-13.3239,-0.2153,4.5872,0
355.2105,1030.3164,-13.3256,-0.2149,3.9949,0
355.3351,1030.2845,-13.3045,-0.2145,4.6921,0
355.4585,1030.2677,-13.3290,-0.2144,4.5645,0
355.5774,1030.2450,-13.3204,-0.2150,4.3790,0
355.6779,1030.2377,-13.3210,-0.2152,3.6215,0
355.8026,1030.2030,-13.3125,-0.2140,4.6843,0
355.9242,1030.1707,-13.3136,-0.2132,4.5243,0
356.0569,1030.1432,-13.3108,-0.2131,4.8785,0
356.1723,1030.1233,-13.3054,-0.2128,4.2262,0
356.3007,1030.0985,-13.2975,-0.2122,4.7182,0
356.4314,1030.0680,-13.2980,-0.2127,4.8313,0
356.5660,1030.0377,-13.2901,-0.2154,4.9647,0
356.6989,1030.0201,-13.2892,-0.2199,4.8362,0
356.8138,1029.9935,-13.2819,-0.2254,4.2545,0
356.9370,1029.9736,-13.2480,-0.2297,4.6522,0
357.0420,1029.9496,-13.2552,-0.2317,3.8802,0
357.1638,1029.9193,-13.2546,-0.2322,4.5160,0
357.2843,1029.9019,-13.2603,-0.2317,4.3931,0
357.4076,1029.8749,-13.2517,-0.2309,4.5605,0
357.5354,1029.8580,-13.2336,-0.2302,4.6837,0
357.6556,1029.8264,-13.2418,-0.2288,4.4824,0
357.7903,1029.7938,-13.2225,-0.2274,5.0434,0
357.9104,1029.7705,-13.2323,-0.2258,4.4127,0
358.0441,1029.7341,-13.2276,-0.2247,5.0037,0
358.1770,1029.7115,-13.2110,-0.2236,4.8863,0
358.3065,1029.6769,-13.2000,-0.2233,4.8429,0
358.4316,1029.6539,-13.2002,-0.2241,4.5685,0
358.5519,1029.6390,-13.2004,-0.2253,4.3596,0
358.6790,1029.6256,-13.1896,-0.2258,4.6207,0
358.8068,1029.5963,-13.1849,-0.2264,4.7254,0
358.9361,1029.5582,-13.1896,-0.2272,4.8486,0
359.0735,1029.5327,-13.1762,-0.2281,5.0639,0
359.1953,1029.4983,-13.1665,-0.2291,4.5734,0
359.3229,1029.4727,-13.1629,-0.2294,4.6837,0
359.4502,1029.4496,-13.1602,-0.2294,4.6512,0
359.5821,1029.4116,-13.1616,-0.2298,4.9475,0
359.7099,1029.3875,-13.1554,-0.2302,4.6844,0
359.8395,1029.3610,-13.1603,-0.2302,4.7645,0
359.9785,1029.3444,-13.1500,-0.2308,5.0638,0
360.1079,1029.3192,-13.1325,-0.2302,4.7841,0
360.2425,1029.2954,-13.1402,-0.2296,4.9283,0
360.3626,1029.2651,-13.1174,-0.2288,4.5386,0
360.4782,1029.2391,-13.1387,-0.2281,4.3368,0
360.6055,1029.2085,-13.1226,-0.2277,4.7414,0
360.7347,1029.1824,-13.1396,-0.2274,4.7892,0
360.8623,1029.1578,-13.1417,-0.2270,4.6774,0
360.9997,1029.1428,-13.1430,-0.2274,4.9704,0
361.1253,1029.1144,-13.1413,-0.2283,4.6442,0
361.2544,1029.0839,-13.1314,-0.2292,4.7858,0
361.3960,1029.0535,-13.1206,-0.2302,5.2234,0
361.5230,1029.0250,-13.1229,-0.2316,4.6881,0
361.6494,1028.9937,-13.1081,-0.2336,4.7205,0
361.7619,1028.9691,-13.1064,-0.2352,4.1482,0
361.8752,1028.9547,-13.0905,-0.2362,4.1542,0
361.9899,1028.9291,-13.0839,-0.2370,4.2340,0
362.1127,1028.9037,-13.0908,-0.2393,4.5219,0
362.2242,1028.8662,-13.0836,-0.2415,4.2389,0
362.3282,1028.8400,-13.0689,-0.2416,3.8940,0
362.4438,1028.8079,-13.0670,-0.2416,4.3208,0
362.5694,1028.7831,-13.0587,-0.2424,4.6240,0
362.7009,1028.7675,-13.0640,-0.2434,4.7634,0
362.8102,1028.7374,-13.0528,-0.2438,4.1038,0
362.9305,1028.7113,-13.0387,-0.2435,4.4648,0
363.0643,1028.6849,-13.0442,-0.2442,4.9142,0
363.2623,1028.6213,-13.0433,-0.2456,3.9338,0
363.3749,1028.5986,-13.0325,-0.2458,4.1443,0
363.4863,1028.5712,-13.0323,-0.2456,4.1331,0
363.6014,1028.5404,-13.0279,-0.2462,4.3009,0
363.7138,1028.5175,-13.0153,-0.2466,4.1477,0
363.8277,1028.4822,-13.0070,-0.2470,4.3079,0
363.9278,1028.4602,-12.9928,-0.2465,3.7201,0
364.0411,1028.4337,-12.9900,-0.2457,4.1922,0
364.1548,1028.4191,-12.9824,-0.2455,4.1357,0
364.3594,1028.3715,-12.9932,-0.2407,4.0747,0
364.4661,1028.3555,-12.9738,-0.2375,3.9408,0
364.5733,1028.3287,-12.9743,-0.2348,3.9842,0
364.6906,1028.3003,-12.9668,-0.2318,4.3529,0
364.7972,1028.2782,-12.9599,-0.2289,3.9302,0
364.9043,1028.2472,-12.9632,-0.2259,4.0230,0
365.0022,1028.2250,-12.9781,-0.2227,3.6500,0
365.1134,1028.2047,-12.9632,-0.2199,4.1051,0
365.2219,1028.1752,-12.9590,-0.2171,4.0483,0
365.3325,1028.1617,-12.9426,-0.2136,4.0474,0
365.4455,1028.1481,-12.9456,-0.2099,4.0999,0
365.5674,1028.1283,-12.9309,-0.2073,4.4760,0
365.6873,1028.1093,-12.9252,-0.2060,4.3810,0
365.7900,1028.0848,-12.9207,-0.2051,3.7995,0
365.9010,1028.0701,-12.9219,-0.2047,4.0345,0
366.0168,1028.0399,-12.9118,-0.2043,4.3162,0
366.1330,1028.0121,-12.9004,-0.2043,4.3230,0
366.2442,1027.9916,-12.9055,-0.2043,4.0776,0
366.3612,1027.9639,-12.8952,-0.2045,4.3432,0
366.4695,1027.9419,-12.8966,-0.2047,3.9838,0
366.5748,1027.9318,-12.9017,-0.2052,3.8107,0
366.6745,1027.9086,-12.8902,-0.2051,3.7118,0
366.7784,1027.8876,-12.9029,-0.2048,3.8400,0
366.8892,1027.8688,-12.8871,-0.2051,4.0892,0
366.9952,1027.8501,-12.8879,-0.2051,3.8695,0
367.1078,1027.8344,-12.8903,-0.2046,4.1007,0
367.2114,1027.8175,-12.8741,-0.2047,3.8214,0
367.4132,1027.7786,-12.8706,-0.2040,4.1638,0
367.5156,1027.7572,-12.8594,-0.2032,3.7893,0
367.6248,1027.7303,-12.8606,-0.2033,4.0588,0
367.7234,1027.7126,-12.8436,-0.2029,3.6569,0
367.9339,1027.6885,-12.8383,-0.2022,4.1427,0
368.0418,1027.6708,-12.8464,-0.2021,3.9409,0
368.2396,1027.6189,-12.8309,-0.2023,3.8270,0
368.4378,1027.5846,-12.8273,-0.2047,3.8254,0
368.6325,1027.5437,-12.8363,-0.2065,3.8525,0
368.8212,1027.5077,-12.8291,-0.2108,3.6483,0
369.0047,1027.4728,-12.8264,-0.2174,3.1976,0
369.1877,1027.4301,-12.8165,-0.2242,3.4949,0
369.3904,1027.3875,-12.7945,-0.2301,3.9540,0
369.5781,1027.3550,-12.7804,-0.2368,3.4956,0
369.7651,1027.3097,-12.7862,-0.2438,3.6433,0
369.9303,1027.2823,-12.7862,-0.2499,3.2309,0
370.0346,1027.2589,-12.7664,-0.2525,3.9195,0
370.2114,1027.2096,-12.7737,-0.2580,3.4843,0
370.3768,1027.1687,-12.7629,-0.2627,3.2389,0
370.5552,1027.1199,-12.7578,-0.2664,3.3020,0
370.7496,1027.0825,-12.7469,-0.2693,3.5900,0
370.9289,1027.0364,-12.7453,-0.2725,3.2336,0
371.1067,1026.9718,-12.7354,-0.2763,3.4282,0
371.2912,1026.9353,-12.7178,-0.2801,3.4383,0
371.4710,1026.8844,-12.7221,-0.2831,3.4349,0
371.6428,1026.8450,-12.7155,-0.2857,3.0715,0
371.8214,1026.8016,-12.7050,-0.2867,3.3519,0
372.0040,1026.7500,-12.6924,-0.2863,3.5097,0
372.1838,1026.6980,-12.6866,-0.2843,3.6998,0
372.2876,1026.6772,-12.6826,-0.2840,3.8121,0
372.4515,1026.6385,-12.6746,-0.2795,3.2677,0
372.5510,1026.6060,-12.6724,-0.2760,3.7650,0
372.6486,1026.5809,-12.6713,-0.2740,3.6346,0
372.8304,1026.5378,-12.6721,-0.2690,3.4222,0
372.9283,1026.5090,-12.6640,-0.2661,3.6872,0
373.1164,1026.4637,-12.6548,-0.2604,3.5854,0
373.2149,1026.4335,-12.6451,-0.2564,3.7239,0
373.3163,1026.4128,-12.6417,-0.2529,3.7183,0
373.5047,1026.3774,-12.6377,-0.2479,3.4940,0
373.6931,1026.3246,-12.6192,-0.2423,3.8797,0
373.8039,1026.2949,-12.6288,-0.2410,4.1476,0
373.9080,1026.2734,-12.6110,-0.2409,3.8765,0
374.0913,1026.2280,-12.6123,-0.2386,3.7257,0
374.1920,1026.2119,-12.6101,-0.2369,3.6725,0
374.3787,1026.1705,-12.6016,-0.2321,3.5336,0
374.4841,1026.1498,-12.5947,-0.2291,3.8735,0
374.5945,1026.1382,-12.6002,-0.2264,3.9978,0
374.6929,1026.1194,-12.5984,-0.2236,3.5981,0
374.8747,1026.0752,-12.5883,-0.2163,3.2603,0
375.0392,1026.0460,-12.5726,-0.2021,2.8914,0
375.2099,1026.0238,-12.5747,-0.1721,2.9170,0
375.3213,1026.0178,-12.5605,-0.1549,4.0547,0
375.4340,1025.9882,-12.5586,-0.1377,4.1946,0
375.6171,1025.9675,-12.5496,-0.1015,3.4918,0
375.7238,1025.9707,-12.5417,-0.0834,3.8594,0
375.9144,1025.9604,-12.5347,-0.0445,3.7844,0
376.1119,1025.9512,-12.5298,-0.0065,3.5400,0
376.2997,1025.9558,-12.5066,0.0305,3.6415,0
376.4943,1025.9642,-12.4972,0.0670,3.4546,0
376.6826,1025.9626,-12.4931,0.1037,3.3450,0
376.8741,1025.9998,-12.4865,0.1433,3.6046,0
376.9753,1026.0043,-12.4783,0.1621,3.6620,0
377.1476,1026.0126,-12.4642,0.2025,3.2736,0
377.2585,1026.0345,-12.4533,0.2221,4.0817,0
377.4272,1026.0697,-12.4341,0.2602,2.9234,0
377.6052,1026.1169,-12.4308,0.3001,3.4618,0
377.7673,1026.1532,-12.4234,0.3390,2.9746,0
377.9121,1026.2168,-12.4259,0.3779,2.1687,0
378.0593,1026.2399,-12.4220,0.4252,3.1838,0
378.2328,1026.3356,-12.4217,0.4755,3.6604,0
378.3833,1026.3971,-12.3977,0.5241,3.4397,0
378.5463,1026.4775,-12.3846,0.5701,3.2331,0
378.6732,1026.5549,-12.3697,0.6152,3.3796,0
378.8078,1026.6499,-12.3667,0.6616,2.9871,0
378.9398,1026.7207,-12.3659,0.7033,2.4898,0
379.0538,1026.7996,-12.3785,0.7428,2.6401,0
379.1390,1026.8993,-12.3706,0.7814,2.7854,0
379.2410,1026.9764,-12.3677,0.8180,2.0426,0
379.3376,1027.0663,-12.3536,0.8547,2.3338,0
379.4168,1027.1543,-12.3545,0.8896,2.4022,0
379.4870,1027.2448,-12.3543,0.9227,1.8250,0
379.5703,1027.3301,-12.3530,0.9539,1.7864,0
379.6375,1027.4341,-12.3414,0.9811,2.0691,0
379.7031,1027.5369,-12.3352,0.9992,2.1389,0
379.7536,1027.6577,-12.3357,1.0093,1.6487,0
379.7096,1027.5546,-12.3345,1.0305,-0.5957,0
379.6380,1027.4418,-12.3369,1.0375,-1.5942,0
379.5844,1027.3479,-12.3532,1.0469,-1.9991,0
379.5340,1027.2526,-12.3444,1.0596,-2.1136,0
379.4774,1027.1499,-12.3538,1.0763,-2.0151,0
379.4230,1027.0267,-12.3599,1.0952,-2.5374,0
379.3727,1026.9081,-12.3661,1.1161,-2.4826,0
379.2932,1026.7598,-12.3696,1.1386,-3.2122,0
379.2141,1026.6069,-12.3821,1.1641,-3.1466,0
379.1689,1026.4208,-12.3821,1.1953,-3.5658,0
379.1092,1026.2544,-12.4073,1.2347,-3.0726,0
379.0740,1026.1599,-12.4162,1.2570,-3.6488,0
379.0174,1025.9858,-12.4075,1.3035,-3.1829,0
378.9852,1025.8064,-12.4108,1.3545,-3.1147,0
378.9171,1025.6417,-12.4065,1.4062,-3.4368,0
378.9103,1025.5388,-12.4156,1.4330,-3.7335,0
378.8808,1025.3513,-12.4329,1.4870,-3.5096,0
378.8662,1025.2484,-12.4248,1.5139,-3.7558,0
378.8710,1025.1429,-12.4300,1.5411,-3.8057,0
378.8782,1024.9586,-12.4325,1.5941,-3.5670,0
378.8799,1024.8503,-12.4524,1.6212,-3.9612,0
378.8909,1024.7194,-12.4462,1.6486,-4.7348,0
378.8942,1024.6077,-12.4528,1.6767,-4.0238,0
378.9322,1024.4019,-12.4516,1.7348,-4.0035,0
378.9674,1024.2952,-12.4494,1.7641,-4.0435,0
379.0692,1024.1252,-12.4429,1.8197,-3.7573,0
379.1658,1024.0430,-12.4493,1.8750,-1.5855,0
379.2465,1023.8494,-12.4533,1.9378,-4.4713,0
379.2811,1023.7368,-12.4546,1.9697,-4.2350,0
379.3270,1023.6346,-12.4591,2.0014,-4.0294,0
379.3757,1023.5090,-12.4608,2.0326,-4.8466,0
379.4385,1023.3974,-12.4676,2.0628,-4.6145,0
379.5372,1023.2729,-12.4663,2.1193,-3.1009,0
379.5944,1023.1684,-12.4717,2.1483,-4.2903,0
379.6537,1023.0715,-12.4692,2.1767,-4.0686,0
379.7185,1022.9792,-12.4723,2.2050,-4.0928,0
379.7830,1022.8968,-12.4782,2.2328,-3.7709,0
379.9104,1022.7406,-12.4800,2.2856,-3.8936,0
380.0203,1022.5916,-12.4891,2.3330,-4.0874,0
380.1225,1022.4588,-12.4723,2.3489,-2.8855,0
380.2543,1022.3272,-12.4831,2.3474,-3.2283,0
380.3728,1022.2083,-12.4440,2.3441,-3.2074,0
380.4844,1022.1086,-12.4741,2.3402,-2.4522,0
380.5541,1022.0042,-12.4848,2.3383,-1.5546,0
380.4814,1022.1021,-12.4636,2.3427,1.0018,0
380.3878,1022.1901,-12.4787,2.3303,1.6384,0
380.2987,1022.2736,-12.4720,2.3123,1.3820,0
380.2107,1022.3775,-12.4688,2.2924,1.6885,0
380.1430,1022.4525,-12.4768,2.2758,1.7867,0
380.0335,1022.5734,-12.4777,2.2497,2.4885,0
379.9618,1022.6758,-12.4813,2.2304,2.2578,0
379.8738,1022.7751,-12.4712,2.2085,2.5744,0
379.7802,1022.8973,-12.4717,2.1850,2.5212,0
379.6718,1023.0089,-12.4748,2.1631,3.0825,0
379.5883,1023.1423,-12.4670,2.1424,3.0263,0
379.4860,1023.2914,-12.4734,2.1225,3.3082,0
379.3883,1023.4308,-12.4735,2.1047,3.0572,0
379.3333,1023.5197,-12.4689,2.0956,3.7574,0
379.2270,1023.6646,-12.4756,2.0919,3.1411,0
379.1702,1023.7532,-12.4724,2.0951,3.7971,0
379.1240,1023.8552,-12.4551,2.0988,4.0738,0
379.0820,1023.9760,-12.4664,2.0993,4.6261,0
379.0266,1024.0873,-12.4524,2.0931,4.5042,0
378.9631,1024.1786,-12.4502,2.0823,4.0114,0
378.8980,1024.2676,-12.4503,2.0680,3.9712,0
378.8263,1024.3909,-12.4642,2.0530,5.1633,0
378.7548,1024.5006,-12.4548,2.0380,4.7146,0
378.6967,1024.5968,-12.4492,2.0240,4.0493,0
378.6355,1024.6882,-12.4467,2.0160,3.9646,0
378.5214,1024.8828,-12.4662,2.0171,4.5885,0
378.4638,1025.0056,-12.4632,2.0213,4.8840,0
378.4140,1025.1160,-12.4585,2.0264,4.3575,0
378.3593,1025.2487,-12.4595,2.0320,5.1705,0
378.2953,1025.3707,-12.4692,2.0370,4.9674,0
378.2197,1025.4821,-12.4718,2.0416,4.8417,0
378.1545,1025.5956,-12.4563,2.0484,4.7399,0
378.0956,1025.7212,-12.4551,2.0577,5.0027,0
378.0383,1025.8464,-12.4503,2.0695,4.9545,0
377.9654,1025.9763,-12.4713,2.0819,5.4178,0
377.9132,1026.1118,-12.4602,2.1001,5.2407,0
377.8225,1026.2357,-12.4708,2.1214,5.5510,0
377.7413,1026.3700,-12.4577,2.1426,5.6543,0
377.6616,1026.4967,-12.4786,2.1633,5.4532,0
377.5804,1026.6393,-12.4681,2.1846,5.9162,0
377.4916,1026.7727,-12.4709,2.2081,5.7789,0
377.3985,1026.9022,-12.4691,2.2333,5.7322,0
377.2982,1027.0226,-12.4643,2.2605,5.6538,0
377.1965,1027.1420,-12.4707,2.2910,5.6477,0
377.1086,1027.2583,-12.4631,2.3220,5.2557,0
377.0330,1027.3882,-12.4576,2.3559,5.4158,0
376.9149,1027.5330,-12.4526,2.3935,6.7380,0
376.8196,1027.6049,-12.4465,2.4355,4.2969,0
376.7137,1027.7229,-12.4596,2.4772,5.7143,0
376.6151,1027.8253,-12.4531,2.5184,5.1227,0
376.5023,1027.9148,-12.4544,2.5604,5.1898,0
376.3779,1027.9907,-12.4605,2.6033,5.2457,0
376.2649,1028.0594,-12.4533,2.6455,4.7711,0
376.1602,1028.1217,-12.4567,2.6864,4.3858,0
376.0342,1028.1960,-12.4487,2.7266,5.2769,0
375.8686,1028.2126,-12.4766,2.7630,6.0768,0
375.6982,1028.2296,-12.4641,2.7838,6.1843,0
375.5563,1028.2827,-12.4865,2.7948,5.5163,0
375.4178,1028.3281,-12.4806,2.8019,5.2608,0
375.2898,1028.3663,-12.4814,2.8086,4.8097,0
375.1627,1028.4033,-12.5038,2.8136,4.8307,0
375.0384,1028.4369,-12.4928,2.8179,4.6595,0
374.9166,1028.4801,-12.5135,2.8225,4.7091,0
374.7932,1028.5214,-12.5051,2.8263,4.6960,0
374.5865,1028.5892,-12.5236,2.8358,4.3700,0
374.4844,1028.6204,-12.5175,2.8419,3.8516,0
374.2927,1028.6754,-12.5174,2.8571,3.6746,0
374.0897,1028.7369,-12.5237,2.8732,4.1917,0
373.9907,1028.7637,-12.5361,2.8803,3.7217,0
373.7993,1028.8119,-12.5359,2.8867,3.5953,0
373.6242,1028.8621,-12.5467,2.8934,2.9683,0
373.4441,1028.8940,-12.5584,2.9052,3.2241,0
373.2654,1028.9320,-12.5744,2.9213,3.5126,0
373.0973,1028.9769,-12.5791,2.9362,3.2599,0
372.9270,1029.0129,-12.5775,2.9469,3.1744,0
372.7600,1029.0394,-12.5869,2.9526,3.3496,0
372.5953,1029.0741,-12.5907,2.9589,3.2604,0
372.4216,1029.1000,-12.5939,2.9655,3.4485,0
372.2389,1029.1334,-12.6089,2.9708,3.4994,0
372.0618,1029.1615,-12.6157,2.9761,3.2298,0
371.9573,1029.1757,-12.6186,2.9779,3.7977,0
371.8464,1029.1857,-12.6268,2.9781,4.0166,0
371.7418,1029.2058,-12.6246,2.9757,3.8352,0
371.6371,1029.2211,-12.6255,2.9709,3.8130,0
371.5374,1029.2327,-12.6298,2.9638,3.6203,0
371.4342,1029.2472,-12.6266,2.9553,3.7526,0
371.3246,1029.2668,-12.6430,2.9474,4.0493,0
371.1425,1029.2930,-12.6513,2.9364,3.1131,0
370.9563,1029.3258,-12.6642,2.9357,3.6641,0
370.8482,1029.3467,-12.6722,2.9396,3.9691,0
370.7514,1029.3783,-12.6686,2.9438,3.6650,0
370.6477,1029.3975,-12.6778,2.9473,3.8166,0
370.5415,1029.4149,-12.6679,2.9504,3.8876,0
370.4294,1029.4250,-12.6753,2.9538,4.0678,0
370.3216,1029.4437,-12.6868,2.9580,3.9645,0
370.2038,1029.4652,-12.6913,2.9620,4.3132,0
370.0791,1029.4919,-12.6878,2.9625,4.5894,0
369.9333,1029.5066,-12.7009,2.9563,5.2925,0
369.8021,1029.5276,-12.6913,2.9447,4.8071,0
369.6721,1029.5519,-12.7022,2.9293,4.7824,0
369.5584,1029.5808,-12.7105,2.9118,4.2351,0
369.4380,1029.5940,-12.7058,2.8944,4.3580,0
369.3253,1029.6321,-12.7121,2.8785,4.2797,0
369.2203,1029.6492,-12.7138,2.8623,3.8254,0
369.1070,1029.6877,-12.7134,2.8467,4.3165,0
368.9397,1029.7266,-12.7219,2.8390,3.2941,0
368.8238,1029.7649,-12.7284,2.8419,4.4024,0
368.7147,1029.7883,-12.7250,2.8445,4.0303,0
368.6019,1029.8251,-12.7332,2.8473,4.2710,0
368.4744,1029.8573,-12.7338,2.8505,4.7384,0
368.3586,1029.8961,-12.7434,2.8542,4.4047,0
368.2458,1029.9370,-12.7524,2.8578,4.3322,0
368.1247,1029.9648,-12.7561,2.8611,4.4725,0
368.0135,1029.9989,-12.7515,2.8646,4.1859,0
367.8961,1030.0253,-12.7669,2.8683,4.3599,0
367.7701,1030.0607,-12.7637,2.8717,4.7170,0
367.6483,1030.0957,-12.7796,2.8752,4.5966,0
367.5161,1030.1338,-12.7809,2.8760,4.9565,0
367.3880,1030.1593,-12.7733,2.8747,4.7104,0
367.2635,1030.1975,-12.7886,2.8721,4.7255,0
367.1309,1030.2264,-12.7872,2.8678,4.8806,0
367.0045,1030.2567,-12.8000,2.8635,4.7055,0
366.8799,1030.2861,-12.7990,2.8602,4.6123,0
366.7654,1030.3074,-12.7962,2.8583,4.1968,0
366.6482,1030.3422,-12.8150,2.8597,4.4524,0
366.5291,1030.3682,-12.8217,2.8627,4.3897,0
366.4118,1030.3978,-12.8046,2.8666,4.3976,0
366.2865,1030.4425,-12.8309,2.8715,4.8753,0
366.1549,1030.4875,-12.8354,2.8759,5.0052,0
366.0337,1030.5096,-12.8464,2.8792,4.4612,0
365.9147,1030.5294,-12.8350,2.8822,4.3653,0
365.7916,1030.5574,-12.8452,2.8873,4.5677,0
365.6638,1030.5939,-12.8539,2.8922,4.7854,0
365.5356,1030.6196,-12.8533,2.8957,4.7150,0
365.3898,1030.6578,-12.8612,2.8965,5.4333,0
365.2575,1030.6913,-12.8593,2.8948,4.9043,0
365.1139,1030.7239,-12.8681,2.8893,5.3169,0
364.9775,1030.7610,-12.8642,2.8837,5.0866,0
364.8628,1030.7870,-12.8743,2.8792,4.2581,0
364.7267,1030.8192,-12.8761,2.8765,5.0400,0
364.5950,1030.8624,-12.8886,2.8745,5.0014,0
364.4701,1030.8865,-12.8943,2.8721,4.5849,0
364.3363,1030.9193,-12.8950,2.8707,4.9597,0
364.2153,1030.9557,-12.8983,2.8698,4.5420,0
364.1039,1030.9818,-12.9040,2.8693,4.1267,0
363.9886,1031.0038,-12.9024,2.8692,4.2208,0
363.8661,1031.0316,-12.9184,2.8693,4.5642,0
363.7345,1031.0527,-12.9086,2.8709,4.8135,0
363.6157,1031.0952,-12.9194,2.8733,4.5596,0
363.5036,1031.1241,-12.9267,2.8755,4.1755,0
363.3810,1031.1560,-12.9444,2.8786,4.6034,0
363.2491,1031.1786,-12.9319,2.8825,4.8352,0
363.1281,1031.2118,-12.9382,2.8875,4.5262,0
363.0014,1031.2457,-12.9553,2.8912,4.7681,0
362.8700,1031.2781,-12.9438,2.8931,4.8877,0
362.7397,1031.3121,-12.9543,2.8946,4.8700,0
362.6020,1031.3351,-12.9510,2.8957,5.0212,0
362.4836,1031.3674,-12.9519,2.8967,4.4130,0
362.3701,1031.3944,-12.9660,2.8977,4.2293,0
362.2487,1031.4208,-12.9610,2.8987,4.4767,0
362.1281,1031.4596,-12.9824,2.9001,4.6235,0
362.0016,1031.4817,-12.9779,2.9014,4.6170,0
361.8733,1031.5132,-12.9921,2.9032,4.7870,0
361.7432,1031.5325,-12.9817,2.9053,4.7462,0
361.6293,1031.5618,-12.9873,2.9077,4.2454,0
361.5094,1031.5807,-12.9978,2.9099,4.3866,0
361.3762,1031.6083,-12.9943,2.9111,4.9057,0
361.2510,1031.6317,-13.0037,2.9119,4.5936,0
361.1245,1031.6705,-13.0006,2.9127,4.7726,0
361.0008,1031.7028,-13.0097,2.9129,4.6129,0
360.8731,1031.7294,-13.0119,2.9116,4.6824,0
360.7454,1031.7587,-13.0178,2.9096,4.7315,0
360.6292,1031.7739,-13.0110,2.9051,4.2148,0
360.4980,1031.8064,-12.9997,2.9019,4.8883,0
360.3840,1031.8448,-13.0198,2.8990,4.3931,0
360.2611,1031.8638,-13.0263,2.8945,4.4892,0
360.1393,1031.8878,-13.0500,2.8893,4.5428,0
360.0158,1031.9218,-13.0451,2.8836,4.6265,0
359.9016,1031.9611,-13.0395,2.8784,4.3528,0
359.7812,1031.9949,-13.0605,2.8727,4.5727,0
359.6649,1032.0112,-13.0577,2.8671,4.2257,0
359.5396,1032.0466,-13.0600,2.8625,4.6810,0
359.4198,1032.0790,-13.0518,2.8587,4.4744,0
359.2962,1032.1099,-13.0664,2.8558,4.6130,0
359.1812,1032.1388,-13.0539,2.8526,4.2879,0
359.0761,1032.1676,-13.0888,2.8508,4.1159,0
358.9597,1032.1871,-13.0730,2.8502,4.2930,0
358.8428,1032.2201,-13.0771,2.8521,4.3786,0
358.7387,1032.2538,-13.0874,2.8551,3.9599,0
358.6169,1032.2836,-13.0833,2.8583,4.5192,0
358.5110,1032.3146,-13.0951,2.8614,3.9925,0
358.3997,1032.3507,-13.1086,2.8640,4.2418,0
358.2845,1032.3756,-13.1011,2.8675,4.2509,0
358.1730,1032.4091,-13.1152,2.8711,4.2296,0
358.0513,1032.4301,-13.1112,2.8745,4.4409,0
357.9366,1032.4673,-13.1107,2.8781,4.3472,0
357.8213,1032.5002,-13.1190,2.8808,4.3224,0
357.6955,1032.5327,-13.1202,2.8832,4.6710,0
357.5752,1032.5675,-13.1235,2.8832,4.5051,0
357.4397,1032.6031,-13.1242,2.8798,5.0436,0
357.3270,1032.6373,-13.1346,2.8749,4.2644,0
357.2099,1032.6515,-13.1265,2.8702,4.2565,0
357.0966,1032.6803,-13.1479,2.8687,4.2729,0
356.9939,1032.7079,-13.1453,2.8697,3.8336,0
356.8797,1032.7428,-13.1675,2.8717,4.3750,0
356.7691,1032.7681,-13.1551,2.8740,4.1045,0
356.6578,1032.7986,-13.1636,2.8771,4.1697,0
356.5506,1032.8214,-13.1563,2.8810,3.9566,0
356.4355,1032.8555,-13.1697,2.8854,4.3413,0
356.3147,1032.8816,-13.1731,2.8891,4.4447,0
356.1966,1032.9050,-13.1649,2.8927,4.3402,0
356.0856,1032.9325,-13.1822,2.8960,4.1737,0
355.9692,1032.9586,-13.1818,2.8989,4.2960,0
355.8522,1032.9786,-13.1961,2.9003,4.3050,0
355.7263,1033.0162,-13.1871,2.9011,4.7439,0
355.6138,1033.0422,-13.1853,2.9020,4.1585,0
355.5026,1033.0767,-13.1955,2.9031,4.2098,0
355.3867,1033.0902,-13.1994,2.9026,4.1985,0
355.2820,1033.1094,-13.1909,2.9001,3.8464,0
355.1646,1033.1401,-13.1906,2.8975,4.3634,0
355.0573,1033.1698,-13.2019,2.8959,4.0305,0
354.9532,1033.1899,-13.1992,2.8950,3.8118,0
354.8514,1033.2168,-13.2045,2.8941,3.7996,0
354.7518,1033.2399,-13.1967,2.8934,3.6853,0
354.6511,1033.2625,-13.2106,2.8926,3.7523,0
354.5555,1033.2968,-13.2257,2.8919,3.6963,0
354.4482,1033.3241,-13.2330,2.8910,3.9947,0
354.2550,1033.3676,-13.2435,2.8898,3.7580,0
354.0906,1033.3970,-13.2524,2.8892,2.8282,0
353.9193,1033.4457,-13.2601,2.8888,3.2078,0
353.7428,1033.4883,-13.2790,2.8871,3.1995,0
353.5793,1033.5295,-13.2708,2.8864,3.0247,0
353.4051,1033.5608,-13.2729,2.8840,3.1057,0
353.2348,1033.6105,-13.2584,2.8810,3.2944,0
353.0622,1033.6610,-13.2792,2.8753,3.3131,0
352.8787,1033.7161,-13.2774,2.8680,3.3838,0
352.7208,1033.7427,-13.3044,2.8603,2.9363,0
352.5484,1033.7817,-13.3064,2.8534,3.5483,0
352.3590,1033.8341,-13.3154,2.8478,3.5258,0
352.1655,1033.8981,-13.3085,2.8409,3.7597,0
351.9758,1033.9589,-13.3137,2.8328,3.7759,0
351.8744,1033.9862,-13.3100,2.8278,3.7857,0
351.7706,1034.0184,-13.3171,2.8215,3.9174,0
351.6669,1034.0364,-13.3186,2.8132,3.7886,0
351.5644,1034.0667,-13.3291,2.8046,3.8609,0
351.4638,1034.1047,-13.3308,2.7950,3.8743,0
351.2606,1034.1831,-13.3435,2.7740,4.2612,0
351.1585,1034.2192,-13.3338,2.7626,3.9139,0
351.0540,1034.2720,-13.3485,2.7504,4.2519,0
350.9427,1034.3082,-13.3376,2.7375,4.2311,0
350.8414,1034.3344,-13.3402,2.7243,3.7632,0
350.7460,1034.3864,-13.3462,2.7110,3.9119,0
350.6429,1034.4462,-13.3510,2.6978,4.2972,0
350.5377,1034.4889,-13.3582,2.6841,4.0929,0
350.3432,1034.5873,-13.3610,2.6546,4.6545,0
350.1704,1034.6650,-13.3621,2.6251,3.6966,0
350.0790,1034.7070,-13.3747,2.6089,3.6483,0
349.9905,1034.7563,-13.3735,2.5908,3.6417,0
349.8977,1034.8279,-13.3706,2.5705,4.2306,0
349.8056,1034.8861,-13.3731,2.5490,3.9309,0
349.6602,1034.9597,-13.3893,2.5043,2.7759,0
349.5218,1035.0636,-13.3865,2.4606,2.9766,0
349.3786,1035.1677,-13.3987,2.4160,2.9521,0
349.2474,1035.2788,-13.4052,2.3711,3.1643,0
349.1157,1035.3942,-13.4178,2.3246,3.1384,0
348.9731,1035.5389,-13.4295,2.2775,3.9166,0
348.8576,1035.6531,-13.4135,2.2277,2.6034,0
348.7722,1035.8220,-13.4240,2.1729,3.2323,0
348.6704,1035.9601,-13.4237,2.1186,3.1785,0
348.5965,1036.1051,-13.4356,2.0667,3.3564,0
348.5180,1036.2515,-13.4337,2.0127,3.2525,0
348.4838,1036.4006,-13.4411,1.9593,2.9333,0
348.3983,1036.5559,-13.4508,1.9051,3.1405,0
348.3716,1036.7084,-13.4330,1.8524,2.6739,0
348.3405,1036.8569,-13.4211,1.8008,3.0869,0
348.2901,1037.0050,-13.4277,1.7506,2.8264,0
348.2635,1037.1556,-13.4235,1.7009,2.3293,0
348.2428,1037.3031,-13.4278,1.6544,2.4154,0
348.2410,1037.4294,-13.4097,1.6075,2.3909,0
348.2407,1037.5791,-13.4000,1.5638,2.9204,0
348.2081,1037.7065,-13.4066,1.5184,2.3903,0
348.2247,1037.8348,-13.4150,1.4749,2.2789,0
348.2208,1037.9652,-13.4125,1.4325,2.0673,0
348.2473,1038.0900,-13.4095,1.3903,2.7550,0
348.2552,1038.2198,-13.3998,1.3481,2.6499,0
348.3177,1038.3530,-13.3764,1.3036,3.0353,0
348.3242,1038.4873,-13.3769,1.2586,2.5907,0
348.3844,1038.6133,-13.3659,1.2138,2.7186,0
348.4127,1038.7360,-13.3768,1.1695,1.9929,0
348.4914,1038.8689,-13.3672,1.1269,2.9855,0
348.5273,1038.9915,-13.3596,1.0851,2.1656,0
348.6153,1039.1105,-13.3361,1.0439,2.9952,0
348.6694,1039.2296,-13.3588,1.0047,2.2829,0
348.7883,1039.3309,-13.3291,0.9688,3.1752,0
348.8405,1039.4731,-13.3099,0.9320,2.1990,0
348.9396,1039.5803,-13.3016,0.8932,3.5023,0
349.0463,1039.6980,-13.2998,0.8570,2.9972,0
349.0952,1039.8330,-13.2921,0.8199,1.9986,0
349.1747,1039.9036,-13.2785,0.8151,1.9148,0
349.2628,1039.9934,-13.2652,0.8160,2.5083,0
349.3471,1040.0736,-13.2538,0.8173,2.2157,0
349.2688,1039.9877,-13.2811,0.7778,-1.1100,0
349.1836,1039.9120,-13.2913,0.7446,-1.8391,0
349.0985,1039.8394,-13.2980,0.7146,-1.8091,0
349.0123,1039.7448,-13.3037,0.6813,-1.8989,0
348.8889,1039.6409,-13.3162,0.6479,-2.6308,0
348.7830,1039.5654,-13.3350,0.6375,-4.7192,0
348.6465,1039.4746,-13.3376,0.6167,-3.7141,0
348.4880,1039.3542,-13.3553,0.6043,-3.6554,0
348.3399,1039.2550,-13.3512,0.5874,-3.1283,0
348.2552,1039.1908,-13.3522,0.5768,-3.8253,0
348.0952,1039.1074,-13.3637,0.5501,-3.4225,0
347.9740,1039.0682,-13.3652,0.5299,-4.5956,0
347.8620,1038.9470,-13.3909,0.4782,-2.5619,0
347.7755,1038.8721,-13.4119,0.4491,-4.1798,0
347.6689,1038.8004,-13.4232,0.4249,-4.6452,0
347.5354,1038.7573,-13.4275,0.3822,-2.9596,0
347.3757,1038.6935,-13.4528,0.3374,-2.8765,0
347.2173,1038.6207,-13.4517,0.2941,-3.0626,0
347.0862,1038.5861,-13.4586,0.2516,-1.8383,0
346.9526,1038.5345,-13.4930,0.2088,-3.0592,0
346.8382,1038.5199,-13.4933,0.1659,-2.5357,0
346.7192,1038.4830,-13.4880,0.1225,-2.2693,0
346.5830,1038.4572,-13.4949,0.0783,-2.6624,0
346.4573,1038.4530,-13.5055,0.0366,-1.4403,0
346.3363,1038.4470,-13.5062,-0.0069,-2.6828,0
346.2002,1038.4318,-13.5295,-0.0495,-2.5830,0
346.0810,1038.4332,-13.5225,-0.0898,-0.9858,0
345.9677,1038.4646,-13.5204,-0.1308,-1.9935,0
345.8535,1038.4509,-13.5283,-0.1707,-1.9521,0
345.7254,1038.4781,-13.5365,-0.2100,-2.5551,0
345.5690,1038.5438,-13.5234,-0.2407,-3.1840,0
345.4547,1038.5741,-13.5450,-0.2511,-2.4109,0
345.3323,1038.6058,-13.5335,-0.2564,-1.1351,0
345.2320,1038.6400,-13.5341,-0.2592,-1.0096,0
345.3310,1038.6118,-13.5395,-0.2539,0.7925,0
345.4339,1038.5892,-13.5289,-0.2498,1.3894,0
345.5352,1038.5746,-13.5284,-0.2463,1.8479,0
345.6537,1038.5511,-13.5197,-0.2426,2.1454,0
345.7699,1038.5302,-13.5052,-0.2389,2.1856,0
345.9093,1038.4919,-13.5129,-0.2326,2.7572,0
346.0623,1038.4531,-13.5048,-0.2265,2.6919,0
346.2140,1038.4086,-13.5311,-0.2213,2.6596,0
346.3201,1038.4005,-13.5152,-0.2202,3.8749,0
346.4472,1038.3746,-13.5173,-0.2130,2.1632,0
346.5609,1038.3534,-13.4951,-0.2094,4.2432,0
346.7207,1038.3127,-13.5086,-0.2033,2.9883,0
346.8277,1038.2943,-13.4653,-0.1996,4.2180,0
347.0376,1038.2590,-13.4607,-0.1948,4.1864,0
347.2193,1038.2324,-13.4704,-0.1886,3.6786,0
347.3231,1038.2089,-13.4485,-0.1850,3.9224,0
347.4223,1038.1907,-13.4624,-0.1824,3.6576,0
347.5248,1038.1741,-13.4349,-0.1797,3.8701,0
347.7286,1038.1429,-13.4216,-0.1727,4.2592,0
347.8339,1038.1179,-13.4206,-0.1688,3.8899,0
347.9357,1038.1117,-13.4100,-0.1646,3.7005,0
348.0382,1038.0946,-13.4210,-0.1610,3.7599,0
348.1564,1038.0737,-13.3916,-0.1588,4.4525,0
348.3581,1038.0466,-13.3980,-0.1589,3.8083,0
348.4613,1038.0437,-13.3958,-0.1585,3.7277,0
348.6525,1038.0144,-13.3666,-0.1524,3.5689,0
348.7668,1037.9989,-13.3690,-0.1486,4.1573,0
348.8815,1037.9791,-13.3524,-0.1452,4.2348,0
349.0015,1037.9628,-13.3524,-0.1426,4.3571,0
349.1294,1037.9377,-13.3498,-0.1423,4.6958,0
349.2514,1037.9163,-13.3359,-0.1438,4.4913,0
349.3530,1037.9126,-13.3392,-0.1471,3.6621,0
349.4735,1037.8940,-13.3207,-0.1512,4.4417,0
349.5802,1037.8719,-13.3095,-0.1547,3.9479,0
349.6905,1037.8597,-13.3100,-0.1587,3.9927,0
349.8017,1037.8499,-13.2924,-0.1621,4.0722,0
349.9873,1037.8268,-13.2674,-0.1626,3.6343,0
350.2122,1037.7916,-13.2811,-0.1523,4.6949,0
350.3374,1037.7722,-13.2727,-0.1481,4.5735,0
350.4504,1037.7684,-13.2779,-0.1442,4.0745,0
350.5757,1037.7534,-13.2592,-0.1395,4.5991,0
350.7011,1037.7308,-13.2723,-0.1354,4.6111,0
350.8391,1037.7106,-13.2532,-0.1319,5.0633,0
350.9561,1037.6887,-13.2440,-0.1294,4.2989,0
351.0974,1037.6775,-13.2342,-0.1290,5.1189,0
351.2269,1037.6666,-13.2472,-0.1299,4.6985,0
351.3703,1037.6478,-13.2155,-0.1317,5.3284,0
351.4934,1037.6411,-13.2321,-0.1336,4.4824,0
351.6525,1037.6211,-13.2363,-0.1377,5.7742,0
351.7889,1037.6105,-13.2410,-0.1434,4.9159,0
351.9082,1037.5957,-13.2342,-0.1485,4.3413,0
352.0568,1037.5819,-13.1901,-0.1526,5.6042,0
352.1849,1037.5701,-13.1898,-0.1556,4.6210,0
352.3412,1037.5410,-13.1890,-0.1606,5.7274,0
352.4783,1037.5253,-13.1716,-0.1664,5.0041,0
352.6003,1037.5028,-13.1794,-0.1706,4.4750,0
352.7450,1037.4856,-13.1674,-0.1738,5.2527,0
352.8846,1037.4583,-13.1886,-0.1777,5.1904,0
353.0275,1037.4491,-13.1632,-0.1815,5.2340,0
353.1568,1037.4374,-13.1573,-0.1788,4.6832,0
353.3094,1037.3940,-13.1703,-0.1761,5.7311,0
353.4798,1037.3616,-13.1408,-0.1756,6.3296,0
353.6154,1037.3430,-13.1599,-0.1766,4.9695,0
353.7780,1037.3167,-13.1165,-0.1777,6.1384,0
353.9109,1037.2925,-13.1305,-0.1793,4.8878,0
354.0693,1037.2605,-13.1508,-0.1840,5.8588,0
354.2158,1037.2501,-13.1110,-0.1883,5.4783,0
354.3337,1037.2198,-13.1465,-0.1916,4.5655,0
354.4990,1037.1925,-13.1111,-0.1950,6.1658,0
354.6455,1037.1724,-13.1322,-0.1995,5.3826,0
354.8146,1037.1393,-13.1158,-0.2078,6.2312,0
354.9536,1037.1118,-13.1100,-0.2165,5.0985,0
355.1094,1037.0742,-13.1121,-0.2257,5.7812,0
355.2545,1037.0417,-13.0851,-0.2347,5.4312,0
355.3951,1037.0024,-13.1110,-0.2444,5.3383,0
355.5656,1036.9650,-13.0783,-0.2549,6.4067,0
355.6812,1036.9562,-13.0896,-0.2646,4.1927,0
355.8269,1036.9166,-13.0722,-0.2735,5.4714,0
355.9485,1036.9008,-13.0546,-0.2783,4.4649,0
356.0678,1036.8779,-13.0858,-0.2763,4.5106,0
356.2217,1036.8317,-13.0428,-0.2722,5.9785,0
356.3449,1036.8063,-13.0597,-0.2683,4.5681,0
356.5067,1036.7635,-13.0305,-0.2655,6.1166,0
356.6242,1036.7301,-13.0477,-0.2620,4.4439,0
356.7800,1036.6865,-13.0364,-0.2585,5.8308,0
356.9153,1036.6553,-13.0025,-0.2547,5.1428,0
357.0319,1036.6284,-13.0294,-0.2505,4.4174,0
357.1918,1036.5936,-12.9827,-0.2468,6.1190,0
357.3050,1036.5715,-13.0297,-0.2432,4.4860,0
357.4520,1036.5359,-12.9820,-0.2399,5.7146,0
357.5605,1036.5137,-12.9731,-0.2360,3.9938,0
357.6989,1036.4734,-12.9961,-0.2334,5.2512,0
357.8403,1036.4426,-12.9402,-0.2346,5.5793,0
357.9601,1036.4161,-13.0025,-0.2383,4.9613,0
358.0856,1036.3934,-12.9652,-0.2416,4.7870,0
358.1887,1036.3705,-12.9887,-0.2441,3.9038,0
358.3340,1036.3307,-12.9702,-0.2474,5.4537,0
358.4573,1036.3101,-12.9593,-0.2508,4.5234,0
358.6672,1036.2543,-12.9688,-0.2521,4.5152,0
358.7747,1036.2393,-12.9601,-0.2501,3.9208,0
358.8978,1036.2123,-12.9529,-0.2479,4.5367,0
359.0136,1036.1914,-12.9402,-0.2459,4.2719,0
359.1133,1036.1643,-12.9494,-0.2434,3.7320,0
359.2340,1036.1342,-12.9263,-0.2411,4.5594,0
359.3369,1036.1124,-12.9318,-0.2384,3.7865,0
359.4364,1036.0883,-12.9217,-0.2363,3.7024,0
359.5413,1036.0723,-12.9118,-0.2334,3.8335,0
359.6505,1036.0415,-12.9097,-0.2301,4.0884,0
359.7590,1036.0149,-12.9020,-0.2274,4.0308,0
359.8616,1035.9978,-12.9134,-0.2251,3.7685,0
359.9746,1035.9740,-12.8936,-0.2228,4.2198,0
360.0872,1035.9434,-12.8995,-0.2206,4.2062,0
360.2015,1035.9227,-12.8958,-0.2198,4.1774,0
360.3058,1035.9048,-12.8914,-0.2205,3.8177,0
360.4040,1035.8785,-12.8837,-0.2218,3.6731,0
360.5264,1035.8582,-12.8848,-0.2239,4.4620,0
360.6374,1035.8340,-12.8866,-0.2287,4.0957,0
360.8401,1035.7833,-12.8814,-0.2405,4.1949,0
360.9545,1035.7635,-12.8862,-0.2482,4.1784,0
361.0527,1035.7216,-12.8836,-0.2597,3.8505,0
361.1655,1035.6959,-12.8834,-0.2726,4.1594,0
361.3658,1035.6460,-12.8762,-0.2981,3.8556,0
361.4743,1035.6135,-12.8775,-0.3118,4.0807,0
361.6531,1035.5791,-12.8641,-0.3338,3.3634,0
361.8338,1035.5377,-12.8412,-0.3414,3.3794,0
362.0425,1035.4639,-12.8259,-0.3354,4.6101,0
362.1358,1035.4277,-12.8305,-0.3332,3.6055,0
362.2402,1035.4019,-12.8289,-0.3311,3.8659,0
362.4352,1035.3480,-12.8253,-0.3281,3.7952,0
362.6248,1035.2815,-12.8088,-0.3242,3.9175,0
362.7265,1035.2490,-12.8011,-0.3225,3.8494,0
362.8194,1035.2101,-12.7949,-0.3204,3.6326,0
363.0148,1035.1526,-12.7927,-0.3151,3.9661,0
363.1258,1035.1262,-12.7843,-0.3130,4.1106,0
363.3139,1035.0680,-12.7893,-0.3074,3.9110,0
363.4254,1035.0331,-12.7911,-0.3042,4.2007,0
363.5257,1035.0021,-12.7868,-0.3019,3.7744,0
363.6260,1034.9805,-12.7825,-0.2987,3.7018,0
363.7351,1034.9476,-12.7649,-0.2953,4.1519,0
363.8392,1034.9155,-12.7653,-0.2922,3.9192,0
363.9436,1034.8914,-12.7765,-0.2899,3.8871,0
364.1352,1034.8276,-12.7733,-0.2830,3.7123,0
364.2584,1034.7977,-12.7604,-0.2801,4.5826,0
364.3640,1034.7750,-12.7583,-0.2778,3.8937,0
364.4621,1034.7394,-12.7556,-0.2762,3.7532,0
364.5781,1034.7129,-12.7527,-0.2755,4.2872,0
364.6893,1034.6788,-12.7678,-0.2770,4.2248,0
364.7981,1034.6450,-12.7548,-0.2798,4.1262,0
364.9907,1034.5884,-12.7516,-0.2852,3.8383,0
365.1022,1034.5646,-12.7583,-0.2882,4.1124,0
365.2077,1034.5352,-12.7503,-0.2916,3.9525,0
365.3052,1034.5027,-12.7428,-0.2948,3.7077,0
365.4086,1034.4821,-12.7449,-0.2983,3.8022,0
365.5096,1034.4550,-12.7208,-0.3014,3.8718,0
365.7093,1034.3903,-12.7135,-0.3067,4.1171,0
365.8992,1034.3357,-12.6967,-0.3106,3.7383,0
365.9990,1034.2994,-12.7004,-0.3131,3.8301,0
366.1729,1034.2439,-12.7018,-0.3196,3.2786,0
366.3549,1034.1897,-12.7009,-0.3245,3.5650,0
366.5422,1034.1422,-12.6935,-0.3293,3.5939,0
366.7281,1034.0865,-12.6871,-0.3333,3.7072,0
366.8992,1034.0197,-12.6847,-0.3383,3.3367,0
367.0932,1033.9564,-12.6661,-0.3427,3.9112,0
367.2728,1033.9010,-12.6545,-0.3474,3.3092,0
367.4462,1033.8363,-12.6512,-0.3525,3.4508,0
367.6182,1033.7797,-12.6560,-0.3577,3.0614,0
367.7809,1033.7091,-12.6556,-0.3617,3.3450,0
367.9458,1033.6659,-12.6460,-0.3637,3.1637,0
368.1009,1033.6055,-12.6478,-0.3618,3.1697,0
368.2787,1033.5630,-12.6433,-0.3598,3.1373,0
368.4453,1033.4965,-12.6224,-0.3560,3.1979,0
368.5424,1033.4636,-12.6280,-0.3540,3.6921,0
368.7064,1033.4108,-12.6002,-0.3509,3.0256,0
368.8672,1033.3489,-12.6001,-0.3463,3.3760,0
369.0291,1033.2965,-12.6037,-0.3423,3.3494,0
369.1827,1033.2454,-12.6098,-0.3375,3.3018,0
369.3387,1033.1919,-12.6179,-0.3332,3.0927,0
369.5090,1033.1389,-12.6041,-0.3258,3.1155,0
369.6057,1033.1108,-12.5954,-0.3227,3.6352,0
369.7654,1033.0529,-12.5994,-0.3150,3.1127,0
369.9547,1032.9966,-12.5857,-0.3070,3.6053,0
370.1345,1032.9495,-12.5780,-0.3009,3.2306,0
370.2329,1032.9227,-12.5676,-0.2977,3.6870,0
370.3315,1032.8988,-12.5655,-0.2953,3.6481,0
370.4304,1032.8630,-12.5739,-0.2931,3.8016,0
370.5328,1032.8367,-12.5543,-0.2911,3.8761,0
370.6292,1032.8037,-12.5607,-0.2893,3.6730,0
370.7502,1032.7699,-12.5548,-0.2885,4.5322,0
370.8541,1032.7458,-12.5539,-0.2886,3.8343,0
371.0530,1032.6904,-12.5343,-0.2880,4.0450,0
371.1518,1032.6604,-12.5395,-0.2876,3.7153,0
371.2656,1032.6367,-12.5262,-0.2874,4.2118,0
371.4644,1032.5841,-12.5111,-0.2865,3.9816,0
371.6582,1032.5331,-12.5074,-0.2824,3.7439,0
371.8587,1032.4812,-12.5076,-0.2759,3.9301,0
371.9695,1032.4543,-12.4979,-0.2729,4.1175,0
372.0707,1032.4257,-12.5002,-0.2700,3.7862,0
372.1714,1032.3921,-12.4901,-0.2663,3.8421,0
372.2776,1032.3708,-12.4798,-0.2632,3.9190,0
372.3840,1032.3445,-12.4793,-0.2608,3.9457,0
372.5843,1032.2952,-12.4631,-0.2547,3.9904,0
372.7004,1032.2539,-12.4631,-0.2520,4.4410,0
372.8138,1032.2328,-12.4574,-0.2513,4.1600,0
372.9140,1032.2126,-12.4591,-0.2517,3.6717,0
373.0220,1032.1931,-12.4445,-0.2517,3.9855,0
373.1225,1032.1610,-12.4457,-0.2514,3.7974,0
373.2350,1032.1344,-12.4488,-0.2516,4.1677,0
373.3324,1032.1107,-12.4366,-0.2514,3.6371,0
373.5414,1032.0601,-12.4421,-0.2512,4.2055,0
373.7291,1032.0089,-12.4368,-0.2538,3.4237,0
373.9249,1031.9700,-12.4328,-0.2596,3.6191,0
374.0273,1031.9430,-12.4283,-0.2644,3.8123,0
374.2041,1031.8944,-12.4321,-0.2716,3.4591,0
374.3794,1031.8579,-12.4294,-0.2802,2.9005,0
374.5544,1031.8114,-12.4118,-0.2897,3.0090,0
374.7350,1031.7559,-12.4056,-0.3004,3.2372,0
374.8715,1031.7227,-12.3919,-0.3059,2.5541,0
375.0398,1031.6803,-12.3872,-0.3048,3.2977,0
375.1871,1031.6290,-12.3809,-0.3023,3.0171,0
375.3347,1031.5907,-12.3726,-0.2982,2.5996,0
375.4658,1031.5446,-12.3684,-0.2887,2.1705,0
375.6075,1031.5154,-12.3626,-0.2737,2.8101,0
375.7527,1031.4819,-12.3502,-0.2570,2.5428,0
375.9073,1031.4303,-12.3460,-0.2409,2.7050,0
376.0427,1031.4048,-12.3418,-0.2202,2.6973,0
376.1620,1031.3690,-12.3384,-0.1922,2.7942,0
376.3010,1031.3442,-12.3187,-0.1623,2.6110,0
376.4276,1031.3313,-12.3228,-0.1288,2.3705,0
376.5624,1031.3174,-12.3191,-0.0898,2.4316,0
376.7082,1031.3115,-12.3118,-0.0502,2.3536,0
376.8363,1031.2800,-12.3096,-0.0096,2.1683,0
376.9793,1031.2832,-12.3037,0.0322,2.6142,0
377.1154,1031.2736,-12.2887,0.0746,2.9793,0
377.2376,1031.2805,-12.2996,0.1157,2.1822,0
377.3641,1031.3025,-12.2908,0.1592,2.9180,0
377.4800,1031.3152,-12.2758,0.2001,1.7884,0
377.5967,1031.3230,-12.2709,0.2414,2.3199,0
377.7108,1031.3436,-12.2686,0.2845,2.2713,0
377.8380,1031.3745,-12.2509,0.3285,2.1366,0
377.9657,1031.4161,-12.2438,0.3740,2.5627,0
378.0841,1031.4551,-12.2391,0.4194,2.4201,0
378.2026,1031.5060,-12.2301,0.4649,2.8117,0
378.3342,1031.5686,-12.2200,0.5085,2.8057,0
378.4537,1031.6088,-12.2059,0.5502,2.0009,0
378.5626,1031.6660,-12.2025,0.5917,1.9927,0
378.6612,1031.7485,-12.2039,0.6347,2.8205,0
378.7704,1031.8175,-12.2013,0.6754,2.1210,0
378.8807,1031.8776,-12.1930,0.7169,2.4981,0
378.9769,1031.9794,-12.1764,0.7580,2.2031,0
379.0735,1032.0588,-12.1814,0.7987,2.1017,0
379.1453,1032.1466,-12.1813,0.8157,4.0805,0
379.2389,1032.2623,-12.1959,0.8270,2.8706,0
379.3044,1032.3511,-12.1998,0.8300,1.7509,0
379.3983,1032.4486,-12.1845,0.8357,1.9398,0
379.4916,1032.5432,-12.1728,0.8388,1.5756,0
379.4172,1032.4608,-12.1890,0.8562,-1.2301,0
379.3318,1032.3477,-12.1876,0.8743,-1.5243,0
379.2582,1032.2476,-12.1927,0.8958,-1.5632,0
379.1794,1032.1447,-12.2095,0.9240,-1.9970,0
379.0992,1032.0360,-12.2155,0.9563,-2.0381,0
379.0529,1031.9348,-12.2299,0.9819,-1.9906,0
378.9838,1031.8389,-12.2253,1.0107,-1.9903,0
378.9252,1031.7330,-12.2448,1.0429,-2.2751,0
378.8553,1031.6188,-12.2405,1.0777,-2.2138,0
378.7912,1031.4916,-12.2720,1.1150,-2.5957,0
378.7253,1031.3727,-12.2647,1.1511,-2.3749,0
378.6697,1031.1901,-12.2853,1.1888,-4.0147,0
378.5869,1031.0333,-12.2811,1.2343,-2.9629,0
378.5393,1030.8722,-12.2718,1.2826,-3.3456,0
378.5106,1030.7695,-12.2991,1.3073,-3.9563,0
378.4641,1030.5955,-12.3010,1.3563,-3.4248,0
378.4512,1030.4786,-12.2992,1.3817,-4.2298,0
378.4295,1030.3743,-12.2845,1.4084,-3.8707,0
378.3996,1030.1897,-12.2971,1.4601,-3.3365,0
378.4160,1030.0168,-12.3030,1.5043,-3.1630,0
378.4292,1029.8348,-12.3334,1.5272,-3.3796,0
378.4345,1029.6658,-12.3069,1.5261,-3.6263,0
378.4139,1029.5223,-12.3089,1.5230,-5.2160,0
378.4030,1029.4053,-12.3197,1.5215,-4.2456,0
378.4056,1029.1942,-12.3200,1.5174,-4.0172,0
378.4032,1029.0822,-12.3346,1.5152,-4.0584,0
378.3881,1028.8903,-12.3422,1.5096,-3.6326,0
378.3728,1028.7605,-12.3425,1.5056,-1.9783,0
378.3724,1028.8779,-12.3430,1.5116,0.9994,0
378.3624,1028.9976,-12.3589,1.5324,2.0369,0
378.3779,1029.1287,-12.3517,1.5666,2.2410,0
378.3655,1029.2678,-12.3484,1.5985,2.5369,0
378.3556,1029.4097,-12.3349,1.6335,2.3974,0
378.3412,1029.5659,-12.3340,1.6729,2.9770,0
378.3303,1029.7498,-12.3089,1.7162,3.5506,0
378.3259,1029.8888,-12.3111,1.7366,5.0008,0
378.3258,1030.0198,-12.2947,1.7455,4.7615,0
378.3125,1030.1304,-12.2896,1.7495,4.0164,0
378.2622,1030.3197,-12.2913,1.7565,3.7703,0
378.2350,1030.4336,-12.2925,1.7597,4.2208,0
378.1903,1030.6371,-12.2854,1.7700,4.0803,0
378.1557,1030.7566,-12.2897,1.7780,4.4842,0
378.1077,1030.9606,-12.2674,1.7968,4.1142,0
378.0776,1031.0883,-12.2801,1.8077,4.7445,0
378.0631,1031.1981,-12.2674,1.8192,4.0093,0
378.0190,1031.3197,-12.2691,1.8309,4.6501,0
377.9717,1031.4384,-12.2848,1.8432,4.6361,0
377.9498,1031.5433,-12.2726,1.8575,3.8827,0
377.9161,1031.6647,-12.2633,1.8742,4.5495,0
377.8746,1031.7881,-12.2446,1.8923,4.7360,0
377.8343,1031.9153,-12.2536,1.9093,4.8279,0
377.7820,1032.0375,-12.2428,1.9257,4.7993,0
377.7485,1032.1741,-12.2350,1.9426,5.0661,0
377.7030,1032.3046,-12.2443,1.9591,4.9897,0
377.6460,1032.4485,-12.2519,1.9708,5.5641,0
377.5886,1032.5725,-12.2201,1.9809,5.0597,0
377.5358,1032.6979,-12.2362,1.9881,4.9293,0
377.4702,1032.8221,-12.2460,1.9930,5.0725,0
377.4106,1032.9282,-12.2374,1.9976,4.3894,0
377.3496,1033.0498,-12.2505,2.0034,4.9149,0
377.2974,1033.1816,-12.2286,2.0088,5.1709,0
377.2484,1033.3083,-12.2245,2.0142,4.8887,0
377.1835,1033.4375,-12.2139,2.0187,5.2147,0
377.1103,1033.5682,-12.2329,2.0233,5.4414,0
377.0392,1033.6886,-12.2489,2.0265,5.0610,0
376.9781,1033.8032,-12.2349,2.0300,4.6950,0
376.9110,1033.9316,-12.2234,2.0348,5.2401,0
376.8473,1034.0653,-12.2345,2.0397,5.3460,0
376.7776,1034.1866,-12.2375,2.0430,5.0434,0
376.7123,1034.3091,-12.2187,2.0466,5.0389,0
376.6460,1034.4264,-12.2183,2.0513,4.8610,0
376.5751,1034.5597,-12.2328,2.0556,5.4536,0
376.5054,1034.6790,-12.2368,2.0583,4.9806,0
376.4356,1034.7957,-12.2304,2.0622,4.8988,0
376.3641,1034.9230,-12.2266,2.0679,5.2644,0
376.2963,1035.0432,-12.2243,2.0724,4.9640,0
376.2357,1035.1595,-12.2155,2.0764,4.7451,0
376.1663,1035.2777,-12.2231,2.0807,4.9304,0
376.1060,1035.3965,-12.2043,2.0847,4.8479,0
376.0504,1035.5049,-12.2121,2.0887,4.3911,0
375.9871,1035.6179,-12.2049,2.0922,4.6706,0
375.9244,1035.7284,-12.2172,2.0960,4.5961,0
375.8504,1035.8428,-12.2211,2.1000,4.9080,0
375.7752,1035.9520,-12.2128,2.1035,4.7737,0
375.7069,1036.0591,-12.2242,2.1071,4.5945,0
375.6392,1036.1691,-12.2228,2.1118,4.6495,0
375.5648,1036.2739,-12.2311,2.1160,4.6382,0
375.5015,1036.3765,-12.2337,2.1200,4.3424,0
375.4404,1036.4725,-12.2130,2.1243,4.1608,0
375.3859,1036.5818,-12.2031,2.1292,4.4130,0
375.3115,1036.6879,-12.2053,2.1334,4.6697,0
375.2488,1036.7930,-12.2147,2.1356,4.4125,0
375.1802,1036.8944,-12.2233,2.1415,4.4114,0
375.1194,1036.9954,-12.2158,2.1442,4.2541,0
375.0555,1037.0945,-12.2105,2.1474,4.2561,0
374.9788,1037.1992,-12.2153,2.1502,4.6786,0
374.9055,1037.2968,-12.2336,2.1535,4.4361,0
374.8354,1037.3910,-12.2326,2.1565,4.2283,0
374.7698,1037.4840,-12.2210,2.1597,4.1216,0
374.7097,1037.5807,-12.2254,2.1634,4.1070,0
374.6468,1037.6833,-12.1994,2.1673,4.4370,0
374.5767,1037.7793,-12.2049,2.1704,4.2691,0
374.5114,1037.8741,-12.2047,2.1728,4.1491,0
374.4347,1037.9679,-12.2197,2.1753,4.3839,0
374.3686,1038.0483,-12.2044,2.1785,3.7918,0
374.3115,1038.1373,-12.2052,2.1832,3.8059,0
374.2443,1038.2433,-12.2174,2.1873,4.5373,0
374.1806,1038.3295,-12.2235,2.1891,3.8693,0
374.1063,1038.4067,-12.2177,2.1916,3.8665,0
374.0451,1038.4927,-12.2101,2.1957,3.8119,0
373.9861,1038.5916,-12.2058,2.2003,4.1469,0
373.9230,1038.6724,-12.1952,2.2039,3.7117,0
373.8124,1038.8490,-12.2009,2.2123,4.0118,0
373.7482,1038.9313,-12.2109,2.2160,3.7774,0
373.6655,1039.0126,-12.2275,2.2186,4.2119,0
373.5924,1039.0836,-12.2224,2.2211,3.6694,0
373.4727,1039.2395,-12.2268,2.2278,3.8653,0
373.3470,1039.3909,-12.2022,2.2343,3.8281,0
373.2208,1039.5492,-12.2144,2.2407,3.9637,0
373.1499,1039.6274,-12.2077,2.2425,3.8105,0
373.0442,1039.7650,-12.1867,2.2504,3.4113,0
372.9851,1039.8555,-12.1902,2.2538,3.8862,0
372.8513,1039.9972,-12.2104,2.2576,3.5455,0
372.7325,1040.1403,-12.2021,2.2633,3.3050,0
372.6163,1040.2776,-12.1998,2.2687,3.1354,0
372.4958,1040.4277,-12.2038,2.2739,3.4088,0
372.3821,1040.5371,-12.2067,2.2781,2.5720,0
372.2874,1040.6569,-12.1911,2.2828,2.8968,0
372.1887,1040.7788,-12.2069,2.2867,3.0345,0
372.0947,1040.8770,-12.2100,2.2902,2.3731,0
372.0043,1040.9740,-12.1991,2.2938,2.1459,0
371.9212,1041.0729,-12.1977,2.2975,2.3408,0
371.8381,1041.1561,-12.1997,2.3010,2.0433,0
371.7596,1041.2404,-12.1964,2.3046,2.4731,0
371.6803,1041.3281,-12.1962,2.3086,2.2330,0
371.6052,1041.4011,-12.1951,2.3121,2.0713,0
371.4979,1041.5060,-12.1983,2.3177,2.0246,0
371.4241,1041.5835,-12.1926,2.3210,2.1139,0
371.3234,1041.6907,-12.1978,2.3260,1.7381,0
371.2229,1041.8011,-12.1955,2.3311,1.9488,0
371.1483,1041.8713,-12.2021,2.3347,2.0101,0
371.0539,1041.9481,-12.2118,2.3503,1.5074,0
370.9578,1042.0553,-12.2119,2.3888,2.3907,0
370.8722,1042.1246,-12.2107,2.4193,1.9572,0
370.7829,1042.2065,-12.2065,2.4499,2.3494,0
370.6989,1042.2769,-12.2093,2.4807,1.9659,0
370.6091,1042.3584,-12.2110,2.5100,2.2829,0
370.5115,1042.4260,-12.2149,2.5401,2.2278,0
370.4174,1042.4933,-12.2137,2.5694,2.1945,0
370.3283,1042.5665,-12.1991,2.5958,2.0259,0
370.1907,1042.6682,-12.2038,2.6145,3.2609,0
370.0663,1042.7400,-12.2109,2.6183,2.5374,0
369.9490,1042.7935,-12.2120,2.6229,2.5748,0
369.8301,1042.8604,-12.2174,2.6269,2.5609,0
369.7177,1042.9192,-12.2269,2.6302,2.4260,0
369.5958,1042.9846,-12.2220,2.6342,2.4766,0
369.4993,1043.0266,-12.2353,2.6445,1.9190,0
369.3925,1043.0892,-12.2212,2.6678,2.3952,0
369.2700,1043.1450,-12.2203,2.6899,2.2233,0
369.1448,1043.2015,-12.2388,2.7132,2.6220,0
368.9970,1043.2719,-12.2395,2.7386,3.1612,0
368.8570,1043.3285,-12.2436,2.7617,2.6957,0
368.7666,1043.3766,-12.2525,2.7719,3.7017,0
368.5953,1043.4446,-12.2633,2.7815,3.2769,0
368.4417,1043.4923,-12.2728,2.7864,2.8302,0
368.2774,1043.5519,-12.2724,2.7927,2.9355,0
368.1310,1043.6044,-12.2754,2.7983,3.0001,0
367.9882,1043.6616,-12.2779,2.8046,2.8380,0
367.8322,1043.7056,-12.2771,2.8106,3.1335,0
367.6826,1043.7627,-12.2916,2.8165,3.1038,0
367.5331,1043.8109,-12.3016,2.8220,2.7259,0
367.3794,1043.8555,-12.3088,2.8265,2.6966,0
367.2190,1043.9052,-12.3166,2.8306,2.8261,0
367.0671,1043.9558,-12.3175,2.8346,2.7590,0
366.9146,1043.9954,-12.3305,2.8386,2.8876,0
366.7735,1044.0298,-12.3316,2.8432,2.8201,0
366.6423,1044.0648,-12.3430,2.8462,2.2094,0
366.5115,1044.1069,-12.3547,2.8493,2.3577,0
366.3997,1044.1389,-12.3508,2.8520,2.0813,0
366.2903,1044.1646,-12.3607,2.8548,2.1089,0
366.1894,1044.1915,-12.3610,2.8573,1.9564,0
366.0695,1044.2290,-12.3623,2.8596,1.3795,0
365.9562,1044.2621,-12.3748,2.8628,1.0762,0
365.8598,1044.2891,-12.3729,2.8643,0.3486,0
365.7491,1044.2892,-12.3789,2.9004,0.8523,0
365.6528,1044.3241,-12.3820,2.9304,1.4114,0
365.5201,1044.3370,-12.3889,2.9684,1.9167,0
365.3772,1044.3590,-12.3856,3.0144,2.0337,0
365.2411,1044.3947,-12.3897,3.0420,3.0996,0
365.0907,1044.4296,-12.4025,3.0548,2.7920,0
364.9344,1044.4360,-12.4062,3.0586,2.7083,0
364.7815,1044.4452,-12.4112,3.0635,2.6976,0
364.6385,1044.4366,-12.4141,3.0713,2.4844,0
364.5128,1044.4331,-12.4255,3.0888,2.2355,0
364.3497,1044.4232,-12.4215,3.1176,2.9600,0
364.1912,1044.4313,-12.4263,-3.1359,3.0472,0
363.9962,1044.4597,-12.4497,-3.1116,3.5505,0
363.8877,1044.4602,-12.4543,-3.1069,3.9049,0
363.6883,1044.4517,-12.4650,-3.1023,3.9932,0
363.5135,1044.4264,-12.4643,-3.0956,3.3676,0
363.3083,1044.4327,-12.4626,-3.0928,3.9375,0
363.2048,1044.4316,-12.4768,-3.0953,3.7630,0
363.0145,1044.4343,-12.4864,-3.1045,3.4897,0
362.9070,1044.4344,-12.4849,-3.1096,3.8702,0
362.7115,1044.4197,-12.5043,-3.1256,3.5270,0
362.5106,1044.4269,-12.5192,-3.1411,3.8820,0
362.3091,1044.4175,-12.5201,3.1250,3.7393,0
362.1219,1044.4144,-12.5157,3.1085,3.3123,0
362.0099,1044.4161,-12.5329,3.0997,4.0750,0
361.9044,1044.4194,-12.5293,3.0896,3.7975,0
361.7219,1044.4254,-12.5372,3.0708,3.5528,0
361.5399,1044.4384,-12.5449,3.0522,3.4956,0
361.4352,1044.4467,-12.5424,3.0419,3.7918,0
361.2476,1044.4713,-12.5596,3.0218,3.4940,0
361.0606,1044.4913,-12.5639,2.9979,3.5064,0
360.9561,1044.5111,-12.5805,2.9848,3.8725,0
360.7892,1044.5249,-12.5777,2.9576,3.1140,0
360.6099,1044.5614,-12.5751,2.9309,3.4627,0
360.4552,1044.5977,-12.5826,2.9061,3.0975,0
360.3195,1044.6106,-12.5900,2.8825,2.2493,0
360.1772,1044.6559,-12.5957,2.8604,2.4970,0
360.0569,1044.6683,-12.6018,2.8413,2.0168,0
359.9045,1044.6969,-12.6055,2.8396,2.1931,0
359.7988,1044.7332,-12.6066,2.8398,2.0365,0
359.7020,1044.7589,-12.6191,2.8408,1.8361,0
359.5746,1044.7991,-12.6203,2.8425,1.7908,0
359.4703,1044.8247,-12.6187,2.8431,1.2809,0
359.3677,1044.8552,-12.6145,2.8441,1.1784,0
359.2654,1044.8856,-12.6191,2.8465,0.5041,0
359.1515,1044.9185,-12.6282,2.8515,1.0113,0
359.0533,1044.9415,-12.6285,2.8541,1.4616,0
358.9136,1044.9834,-12.6407,2.8569,2.0581,0
358.7999,1045.0178,-12.6471,2.8596,2.3434,0
358.6862,1045.0408,-12.6273,2.8604,1.9330,0
358.5638,1045.0739,-12.6377,2.8634,2.5189,0
358.4583,1045.0989,-12.6348,2.8654,2.0763,0
358.3546,1045.1305,-12.6349,2.8682,1.9586,0
358.2560,1045.1614,-12.6393,2.8697,1.8369,0
